Id,comments,toxicity_rate,in_degree,out_degree,in_uwdeg,out_uwdeg,in_wdeg,out_wdeg,betweenness,eigenvector,replies_received,toxic_replies_received,toxic_replies_rate,opinion_leader,toxic_hub,toxic_bridge
-do-not-resuscitate,22,0.1363636363636363,11,17,11,17,14.0,22.0,0.026804213722941287,0.039395177869486,14.0,0.0,0.0,True,False,True
-fuzzyduck-,2,0.0,0,2,0,2,0.0,2.0,0.0,2.041331676246481e-18,,,,False,False,False
-meo-,2,0.0,0,2,0,2,0.0,2.0,0.0,4.924075914140837e-18,,,,False,False,False
0xab51nth,12,0.1666666666666666,3,11,3,11,3.0,12.0,0.0016051042071996233,0.0010334771917043192,3.0,0.0,0.0,False,False,False
150disciplinee,1,0.0,1,1,1,1,1.0,1.0,0.0,0.003266515280804265,1.0,0.0,0.0,False,False,False
1nfernus1312,1,0.0,0,1,0,1,0.0,1.0,0.0,2.409469922524462e-18,,,,False,False,False
666ade,14,0.1428571428571428,4,12,4,12,4.0,14.0,0.008837037919045729,0.026546523341853798,4.0,0.0,0.0,False,False,False
95lulu,1,0.0,0,1,0,1,0.0,1.0,0.0,-4.7005520273214045e-18,,,,False,False,False
9centos,1,0.0,0,1,0,1,0.0,1.0,0.0,-1.4444536280930508e-18,,,,False,False,False
__4ndr3w,11,0.0,12,10,12,10,12.0,10.0,0.014356539948849393,0.03525675326179768,12.0,0.0,0.0,True,False,True
_akajohn,5,0.2,6,5,6,5,6.0,5.0,0.007367961149009831,0.06124053147522313,6.0,0.0,0.0,True,True,True
_generateusername,4,0.0,1,2,1,2,3.0,4.0,8.050664811675686e-05,-3.500479615453254e-18,3.0,0.0,0.0,False,False,False
_ninxx_,4,0.0,6,2,6,2,7.0,2.0,0.0028721657749682383,0.009017084301546845,7.0,0.0,0.0,True,False,False
aagy13,1,0.0,0,1,0,1,0.0,1.0,0.0,5.421367014811244e-18,,,,False,False,False
aaha97,10,0.3,7,10,7,10,8.0,10.0,0.012282435556348477,0.09570659197428552,8.0,0.0,0.0,True,True,True
absurdistrat,1,0.0,0,1,0,1,0.0,1.0,0.0,-2.7613458822028946e-18,,,,False,False,False
academic_election149,4,0.25,2,3,2,3,3.0,4.0,0.0008115528488195216,1.1768986203512204e-17,3.0,0.0,0.0,False,False,False
academic_way5712,4,0.0,8,3,8,3,9.0,4.0,0.003356018399752492,0.011899677153622631,9.0,0.0,0.0,True,False,False
accurate-ad-659,16,0.0,7,15,7,15,7.0,16.0,0.014212269332237093,0.040033720877678244,7.0,0.0,0.0,True,False,True
acebeans,1,0.0,3,1,3,1,3.0,1.0,0.00015809818156954788,0.020182241802796513,3.0,0.0,0.0,False,False,False
actual-ad3413,4,0.25,2,3,2,3,2.0,4.0,0.0010989772868897846,0.054133709894936294,2.0,0.0,0.0,False,False,False
actualspirit4208,1,0.0,2,1,2,1,2.0,1.0,0.0016368018755618403,0.005155340385279989,2.0,0.0,0.0,False,False,False
admins_are_creeps,3,0.0,2,2,2,2,2.0,3.0,0.000293237897850259,0.007515381904989474,2.0,0.0,0.0,False,False,False
adsuspicious4073,3,0.0,0,3,0,3,0.0,3.0,0.0,1.5435476687254884e-18,,,,False,False,False
adventurehill1,5,0.0,0,5,0,5,0.0,5.0,0.0,-2.6925961664343624e-18,,,,False,False,False
advful517,1,0.0,5,1,5,1,6.0,1.0,7.566675812223372e-06,0.022364664202963444,6.0,0.0,0.0,False,False,False
aeropar,1,0.0,0,1,0,1,0.0,1.0,0.0,-4.524426394920171e-18,,,,False,False,False
aerophilebt,2,0.0,1,2,1,2,1.0,2.0,0.002548824984278161,0.005676430924664865,1.0,0.0,0.0,False,False,False
aerzero,1,0.0,8,1,8,1,8.0,1.0,0.00028619738926673383,0.014142310397233586,8.0,0.0,0.0,True,False,False
affectionate-loan240,2,0.0,16,2,16,2,16.0,2.0,0.003181242407480864,0.045372758006959106,16.0,0.0,0.0,True,False,False
affectionatesleep905,1,0.0,0,1,0,1,0.0,1.0,0.0,3.3286057959892997e-18,,,,False,False,False
aggressive_spring915,1,0.0,1,1,1,1,1.0,1.0,0.0,0.003050032419752389,1.0,0.0,0.0,False,False,False
aggressivesummer1570,4,0.25,3,3,3,3,4.0,4.0,0.00566742438494935,0.004507238938635676,4.0,0.0,0.0,False,False,False
aissk32,1,0.0,0,1,0,1,0.0,1.0,0.0,-5.267497345621835e-19,,,,False,False,False
ajemoalex,2,0.0,0,2,0,2,0.0,2.0,0.0,3.8031565844369946e-18,,,,False,False,False
ak_tiger,1,0.0,0,1,0,1,0.0,1.0,0.0,-2.877992405739134e-18,,,,False,False,False
akaoris,2,0.0,5,2,5,2,7.0,2.0,0.001639523855436745,0.019343021424121178,7.0,0.0,0.0,False,False,False
akhevan,1,0.0,1,1,1,1,1.0,1.0,0.0,0.018003303835322955,1.0,0.0,0.0,False,False,False
akura2103,1,0.0,0,1,0,1,0.0,1.0,0.0,-1.7812772950330494e-19,,,,False,False,False
al3xutul02,1,0.0,1,1,1,1,1.0,1.0,2.990125953369607e-05,7.589999544979166e-05,1.0,0.0,0.0,False,False,False
albionceb,8,0.375,4,7,4,7,8.0,8.0,0.0037694500631584834,0.017929054656021945,8.0,0.0,0.0,False,False,False
albionfreemarket,2,0.0,0,2,0,2,0.0,2.0,0.0,2.3006726493443212e-18,,,,False,False,False
alefts,1,1.0,1,1,1,1,1.0,1.0,0.0,0.04634594864786593,1.0,0.0,0.0,False,False,False
alessandroit,1,0.0,1,1,1,1,1.0,1.0,0.0,0.00014946737348179733,1.0,0.0,0.0,False,False,False
alone_lock_564,4,0.0,1,2,1,2,2.0,4.0,0.0003240160764864177,-1.7528435922996046e-17,2.0,0.0,0.0,False,False,False
alphadanger07,1,0.0,1,1,1,1,1.0,1.0,0.0,0.0100919852140376,1.0,0.0,0.0,False,False,False
althoradeem,3,0.0,1,2,1,2,1.0,3.0,0.00032564321208038236,0.004928596271505604,1.0,0.0,0.0,False,False,False
altunaandy,2,0.5,4,2,4,2,4.0,2.0,0.0019291036791051885,0.01633797342340643,4.0,0.0,0.0,False,False,False
alyqo2,1,0.0,1,1,1,1,1.0,1.0,0.0,0.0027137695397199918,1.0,0.0,0.0,False,False,False
amaruk727,1,0.0,1,1,1,1,1.0,1.0,0.0,0.0011728175720415084,1.0,0.0,0.0,False,False,False
amba225,4,0.0,3,4,3,4,4.0,4.0,0.001438152867306816,0.0024226364332482066,4.0,0.0,0.0,False,False,False
ambitcion,1,0.0,0,1,0,1,0.0,1.0,0.0,-6.3669342216979004e-18,,,,False,False,False
amethyst_mine,2,0.0,2,2,2,2,2.0,2.0,0.0,0.05604247971082588,2.0,0.0,0.0,False,False,False
amoebaliving6460,3,0.0,22,3,22,3,23.0,3.0,0.010701058454441057,0.02190545320144456,23.0,0.0,0.0,True,False,True
amteros,9,0.0,6,9,6,9,6.0,9.0,0.011562057617206729,0.060354574871144734,6.0,0.0,0.0,True,False,True
amysterious_stranger,1,0.0,0,1,0,1,0.0,1.0,0.0,1.016982077312639e-19,,,,False,False,False
anotherstoicperson,1,0.0,1,1,1,1,1.0,1.0,8.568309425277393e-06,0.0021397301740167392,1.0,0.0,0.0,False,False,False
antique_internal3258,3,0.0,1,1,1,1,1.0,1.0,0.0,2.8818235508703228e-05,1.0,0.0,0.0,False,False,False
anxiousenvironment26,3,0.0,3,2,3,2,5.0,3.0,0.0022310739205250534,0.002067870203068794,5.0,0.0,0.0,False,False,False
any_possibility6848,4,0.0,4,1,4,1,7.0,4.0,0.002443635509336387,0.027355550488734403,7.0,0.0,0.0,False,False,False
ao_bogul,1,0.0,0,1,0,1,0.0,1.0,0.0,5.271802836913671e-18,,,,False,False,False
aochristoph,1,0.0,12,1,12,1,13.0,1.0,0.002614847391356797,0.15243438918955737,13.0,0.0,0.0,True,False,False
aograymo,1,0.0,0,1,0,1,0.0,1.0,0.0,3.1092283440317716e-18,,,,False,False,False
aogwynae,1,0.0,0,1,0,1,0.0,1.0,0.0,-3.615978157105536e-18,,,,False,False,False
apirateship,8,0.125,1,4,1,4,1.0,6.0,0.000568397120121258,1.6030554250596617e-18,1.0,0.0,0.0,False,False,False
apprehensive-law4049,1,0.0,1,1,1,1,1.0,1.0,0.0,0.0003950041231454558,1.0,0.0,0.0,False,False,False
appropriate-bad-8350,1,0.0,0,1,0,1,0.0,1.0,0.0,-2.2219188850901757e-18,,,,False,False,False
arabekp,1,0.0,0,1,0,1,0.0,1.0,0.0,4.116882935952072e-18,,,,False,False,False
arch_anon,9,0.1111111111111111,6,9,6,9,6.0,9.0,0.007552074286685643,0.04920762334605305,6.0,0.0,0.0,True,False,True
ariachus,8,0.125,6,6,6,6,7.0,7.0,0.0051071956252233056,0.005332217707499647,7.0,0.0,0.0,True,False,False
aries1500,1,0.0,1,1,1,1,1.0,1.0,5.082232444724067e-05,0.0024120251231899803,1.0,0.0,0.0,False,False,False
aromatic_base_3749,2,0.0,1,2,1,2,1.0,2.0,0.0009084897383153052,0.004362425376455183,1.0,0.0,0.0,False,False,False
artzin66_zz,6,0.0,13,5,13,5,17.0,6.0,0.006770175454962667,0.021691659820495677,17.0,0.0,0.0,True,False,True
ascended_one,2,0.0,0,2,0,2,0.0,2.0,0.0,-3.9705882588355135e-18,,,,False,False,False
asinine9ben,1,0.0,0,1,0,1,0.0,1.0,0.0,-3.782789329507007e-18,,,,False,False,False
ask_if_i_like_trains,3,0.0,2,3,2,3,2.0,3.0,0.0019204119762829272,0.053755567426409544,2.0,0.0,0.0,False,False,False
asleep-special7822,1,0.0,0,1,0,1,0.0,1.0,0.0,3.103105972733497e-20,,,,False,False,False
assassinboo123,3,0.0,2,3,2,3,3.0,3.0,0.0012430926721377655,0.0011565061856372485,3.0,0.0,0.0,False,False,False
asterio_marzio,2,0.0,6,1,6,1,6.0,2.0,0.002465839728424457,0.015231522667157216,6.0,0.0,0.0,True,False,False
astronomerdry7581,5,0.0,2,5,2,5,2.0,5.0,0.0010314205908610835,0.000767136813981223,2.0,0.0,0.0,False,False,False
atmajazone,1,0.0,0,1,0,1,0.0,1.0,0.0,2.1313726704044534e-18,,,,False,False,False
atpos_wm,1,0.0,1,1,1,1,1.0,1.0,3.886476035017149e-06,-1.1808511933466434e-18,1.0,0.0,0.0,False,False,False
avaloniandemon,1,0.0,0,1,0,1,0.0,1.0,0.0,2.1118216840891683e-19,,,,False,False,False
avernite,1,0.0,0,1,0,1,0.0,1.0,0.0,-9.892077600567605e-19,,,,False,False,False
averyporkhunt,1,1.0,0,1,0,1,0.0,1.0,0.0,-4.468712162063117e-18,,,,False,False,False
avibuel,6,0.0,4,6,4,6,4.0,6.0,0.005798249890924537,0.02488331859865225,4.0,0.0,0.0,False,False,False
avree,5,0.0,1,3,1,3,5.0,5.0,8.170995566359648e-05,0.023286100231557284,5.0,0.0,0.0,False,False,False
awastedhobo,3,0.0,2,2,2,2,2.0,3.0,2.8843477800029025e-05,0.002196673712774924,2.0,0.0,0.0,False,False,False
awfeel,1,0.0,0,1,0,1,0.0,1.0,0.0,4.233332114993933e-18,,,,False,False,False
axelay_plp,2,0.0,0,2,0,2,0.0,2.0,0.0,-2.9805627013555604e-18,,,,False,False,False
azzblack,4,0.25,2,2,2,2,2.0,4.0,0.0011680417785843015,0.04798723994019714,2.0,0.0,0.0,False,False,False
baandi,2,0.0,1,2,1,2,1.0,2.0,0.0016415726472635745,0.0036161267753836044,1.0,0.0,0.0,False,False,False
background-prune-606,2,0.0,0,2,0,2,0.0,2.0,0.0,-2.5578285493060767e-19,,,,False,False,False
background_egg_4394,11,0.1818181818181818,5,9,5,9,7.0,10.0,0.01196574276773284,0.01441147793484558,7.0,0.0,0.0,False,False,True
balars,3,0.0,4,2,4,2,4.0,3.0,0.0010507637985891394,0.013729194921667522,4.0,0.0,0.0,False,False,False
ballknower871,27,0.037037037037037,31,20,31,20,34.0,27.0,0.04712564529756088,0.09437062011600462,34.0,0.0,0.0,True,False,True
bananacrackers69,1,0.0,0,1,0,1,0.0,1.0,0.0,-4.860173254548426e-18,,,,False,False,False
bazarkul,1,0.0,1,1,1,1,1.0,1.0,0.0,0.0003176361576812444,1.0,0.0,0.0,False,False,False
beeindividual6018,2,0.0,1,2,1,2,1.0,2.0,0.0,0.0027858492913985368,1.0,0.0,0.0,False,False,False
beeten,1,0.0,0,1,0,1,0.0,1.0,0.0,4.2080149447257835e-18,,,,False,False,False
bendhopeful5302,10,0.0,11,9,11,9,13.0,10.0,0.010938306739146331,0.05706092794454915,13.0,0.0,0.0,True,False,True
beneficial_long_3576,14,0.0,11,11,11,11,17.0,14.0,0.028712039617199665,0.08873786129459178,17.0,0.0,0.0,True,False,True
benoitlaveur,1,0.0,0,1,0,1,0.0,1.0,0.0,-3.4585115950883193e-18,,,,False,False,False
berixgame,1,0.0,0,1,0,1,0.0,1.0,0.0,-2.0306041728064152e-18,,,,False,False,False
best-personality-390,1,0.0,0,1,0,1,0.0,1.0,0.0,-4.945498489436514e-18,,,,False,False,False
best6990,1,0.0,1,1,1,1,1.0,1.0,0.0,0.0031952995120946943,1.0,0.0,0.0,False,False,False
best_adeptness_5409,1,0.0,1,1,1,1,1.0,1.0,0.0,7.621159111798893e-06,1.0,0.0,0.0,False,False,False
big_solution1343,2,0.0,1,2,1,2,1.0,2.0,9.716190087542874e-07,-3.799409119324254e-18,1.0,0.0,0.0,False,False,False
binderaj,1,0.0,0,1,0,1,0.0,1.0,0.0,-4.2548642408613333e-19,,,,False,False,False
bitelchusx3,3,0.0,23,3,23,3,25.0,3.0,0.012100766575471822,0.07273382327271617,25.0,0.0,0.0,True,False,True
biteok252,1,0.0,0,1,0,1,0.0,1.0,0.0,5.349218030919679e-18,,,,False,False,False
blackdev1l,9,0.0,6,7,6,7,7.0,9.0,0.006701282097248397,0.01988693959061087,7.0,0.0,0.0,True,False,True
blanchard97,9,0.0,12,8,12,8,13.0,8.0,0.013941712671212947,0.07751672192923943,13.0,0.0,0.0,True,False,True
blazdnconfuzd,1,0.0,0,1,0,1,0.0,1.0,0.0,-4.5467047763451596e-18,,,,False,False,False
bleachmossyo,1,0.0,2,1,2,1,2.0,1.0,0.00015533053543364468,0.013471492004717764,2.0,0.0,0.0,False,False,False
bloodandiron00,1,0.0,0,1,0,1,0.0,1.0,0.0,-4.8512817512584255e-18,,,,False,False,False
bloodwolf_g,1,0.0,1,1,1,1,1.0,1.0,0.0011367942402425162,-1.364357189260955e-17,1.0,0.0,0.0,False,False,False
blumentraum,3,0.0,2,3,2,3,2.0,3.0,0.0038864760350171496,0.0022941558037111965,2.0,0.0,0.0,False,False,False
bntpn,2,0.0,1,2,1,2,1.0,2.0,0.0005493062852885073,0.046345948647865946,1.0,0.0,0.0,False,False,False
bobpossible,2,0.0,1,2,1,2,2.0,2.0,0.0005280819367380334,0.0529142036553071,2.0,0.0,0.0,False,False,False
bookwrrm,9,0.0,4,6,4,6,6.0,9.0,0.004590167755608222,0.00641021076026799,6.0,0.0,0.0,False,False,False
born-reporter-855,1,0.0,1,1,1,1,1.0,1.0,0.0,0.007362710578063625,1.0,0.0,0.0,False,False,False
brayderek,2,0.5,3,2,3,2,3.0,2.0,0.0007101054891827454,0.05484190091523983,3.0,0.0,0.0,False,False,False
brief-commission-987,8,0.0,4,6,4,6,4.0,7.0,0.00920383080268297,0.00045643879260027446,4.0,0.0,0.0,False,False,False
bro-koli6944,17,0.0588235294117647,5,14,5,14,7.0,17.0,0.02053686523633094,0.022267806553102083,7.0,0.0,0.0,False,False,True
brocklessice,3,0.0,9,3,9,3,9.0,3.0,0.007245622066470477,0.01833760993369168,9.0,0.0,0.0,True,False,True
broken-truth,1,0.0,0,1,0,1,0.0,1.0,0.0,2.1780971493523283e-19,,,,False,False,False
brokendrive,4,0.0,5,3,5,3,5.0,4.0,0.0033098849035953894,0.05965992798646154,5.0,0.0,0.0,False,False,False
brunoortegalindo,12,0.0,5,8,5,8,11.0,12.0,0.005560871952385339,0.024379470961848126,11.0,0.0,0.0,False,False,True
bubbly-general-5881,2,0.0,8,2,8,2,8.0,2.0,0.01102134821751192,0.09084036163019243,8.0,0.0,0.0,True,False,True
bubbly_salamander764,28,0.0357142857142857,3,17,3,17,4.0,28.0,0.007994266519835203,0.019364579272336053,4.0,0.0,0.0,False,False,False
buckwheet,1,0.0,2,1,2,1,2.0,1.0,0.0003630283428444897,0.05413370989493629,2.0,0.0,0.0,False,False,False
buddyreacher,1,0.0,0,1,0,1,0.0,1.0,0.0,-2.5555043855655165e-18,,,,False,False,False
caballep,1,0.0,0,1,0,1,0.0,1.0,0.0,-2.5331067037317855e-18,,,,False,False,False
candid_leek7433,4,0.25,1,1,1,1,4.0,4.0,0.0,0.0005606730732574288,4.0,0.0,0.0,False,False,False
canniebai,2,0.0,0,1,0,1,0.0,2.0,0.0,-3.1829389836442777e-18,,,,False,False,False
capital_factor_3588,1,0.0,1,1,1,1,1.0,1.0,0.0005853657520955738,0.000787721023257267,1.0,0.0,0.0,False,False,False
capnredeyezzzzz,2,0.0,1,1,1,1,1.0,2.0,0.0,0.012383148014262605,1.0,0.0,0.0,False,False,False
captfatz,1,0.0,0,1,0,1,0.0,1.0,0.0,6.381695882583701e-19,,,,False,False,False
carahlovelace,1,0.0,1,1,1,1,1.0,1.0,0.0,0.00969785256321194,1.0,0.0,0.0,False,False,False
carbidesc,1,0.0,0,1,0,1,0.0,1.0,0.0,-4.499687372353658e-18,,,,False,False,False
careby,1,0.0,0,1,0,1,0.0,1.0,0.0,3.241527146418096e-18,,,,False,False,False
carsalten,2,0.0,0,1,0,1,0.0,2.0,0.0,-1.7129486195573562e-18,,,,False,False,False
cartographerfun4271,8,0.0,4,7,4,7,4.0,8.0,0.0042309442869511125,0.013228419920085888,4.0,0.0,0.0,False,False,False
cattttttt3,1,0.0,1,1,1,1,1.0,1.0,0.0005683971201212581,3.375985812751952e-18,1.0,0.0,0.0,False,False,False
cephadronix,4,0.0,0,3,0,3,0.0,4.0,0.0,1.8197825586716652e-18,,,,False,False,False
cespaying,1,0.0,1,1,1,1,1.0,1.0,0.0,7.467601483619912e-18,1.0,0.0,0.0,False,False,False
chanciferous,1,0.0,1,1,1,1,1.0,1.0,0.0,0.007501479630380671,1.0,0.0,0.0,False,False,False
chargecount,3,0.0,4,3,4,3,5.0,3.0,0.001915509727258151,0.005939736607200527,5.0,0.0,0.0,False,False,False
cheap_necessary8570,1,0.0,1,1,1,1,1.0,1.0,0.0,0.04634594864786591,1.0,0.0,0.0,False,False,False
chelom,2,0.0,1,2,1,2,1.0,2.0,0.0007285851765112558,0.023286100231557274,1.0,0.0,0.0,False,False,False
chemical_isopod3053,1,0.0,0,1,0,1,0.0,1.0,0.0,-3.955970755250406e-18,,,,False,False,False
chezicrator,6,0.0,4,6,4,6,4.0,6.0,0.0077486464654393395,0.05534871355017762,4.0,0.0,0.0,False,False,False
choice-split-4973,1,0.0,0,1,0,1,0.0,1.0,0.0,-3.7555093958795755e-18,,,,False,False,False
choice_trick8263,1,0.0,0,1,0,1,0.0,1.0,0.0,5.460022901767637e-19,,,,False,False,False
civil_cress5833,1,0.0,0,1,0,1,0.0,1.0,0.0,-1.489029887982863e-18,,,,False,False,False
clean-knowledge-2363,2,0.0,1,1,1,1,1.0,2.0,0.0,0.0036161267753836014,1.0,0.0,0.0,False,False,False
clericrobe,15,0.0,15,7,15,7,22.0,14.0,0.023626084848997853,0.05467188576880022,22.0,0.0,0.0,True,False,True
cointaku,1,0.0,0,1,0,1,0.0,1.0,0.0,2.1267847625008853e-18,,,,False,False,False
colinspaw,1,1.0,1,1,1,1,1.0,1.0,0.0,0.0010001486518635466,1.0,0.0,0.0,False,False,False
cometus,31,0.032258064516129,22,14,22,14,37.0,31.0,0.01729520743999574,0.18613008856346072,37.0,0.0,0.0,True,False,True
communicationkey4146,1,0.0,1,1,1,1,1.0,1.0,0.0,0.0010001486518635425,1.0,0.0,0.0,False,False,False
competitive-pea7214,1,1.0,0,1,0,1,0.0,1.0,0.0,-6.65982942307508e-19,,,,False,False,False
comprehensivead5043,1,0.0,2,1,2,1,2.0,1.0,0.0,0.07149422007313642,2.0,0.0,0.0,False,False,False
confident-low-2696,3,0.3333333333333333,1,3,1,3,1.0,3.0,0.0005683971201212581,-2.1773651731092627e-18,1.0,0.0,0.0,False,False,False
content_dragonfly_59,3,0.0,1,3,1,3,1.0,3.0,0.0016405356889129287,0.004410852090760107,1.0,0.0,0.0,False,False,False
cool-sunglasses-dude,1,1.0,0,1,0,1,0.0,1.0,0.0,-2.9213635070876454e-18,,,,False,False,False
cosmicexplorer87,1,0.0,0,1,0,1,0.0,1.0,0.0,-3.504264937948771e-18,,,,False,False,False
cptmuffinator,25,0.04,10,15,10,15,20.0,25.0,0.02067705642151153,0.11742972602134269,20.0,0.0,0.0,True,False,True
creepychoice5464,3,0.3333333333333333,2,1,2,1,2.0,2.0,8.09414992917516e-05,0.012358617113513956,2.0,0.0,0.0,False,False,False
crimsonheart,1,0.0,1,1,1,1,1.0,1.0,6.156637048291813e-05,0.00022556352770380613,1.0,0.0,0.0,False,False,False
crossxfaith,1,0.0,0,1,0,1,0.0,1.0,0.0,-3.1227445192455215e-18,,,,False,False,False
cruzafixx,1,0.0,0,1,0,1,0.0,1.0,0.0,-2.146253765502033e-18,,,,False,False,False
curiousegg6396,2,0.5,2,2,2,2,2.0,2.0,7.772952070034299e-06,0.004842575837670037,2.0,0.0,0.0,False,False,False
cykablyat_123,1,0.0,0,1,0,1,0.0,1.0,0.0,-2.3488017144662606e-18,,,,False,False,False
d4vavry,2,0.0,3,2,3,2,3.0,2.0,0.0013170430487829841,0.008927386462835264,3.0,0.0,0.0,False,False,False
dabmachine360,8,0.25,45,7,45,7,51.0,7.0,0.03174269048995141,0.05875098222786287,51.0,0.0,0.0,True,True,True
damnfruitloops,1,0.0,1,1,1,1,1.0,1.0,0.0,0.010736103829915612,1.0,0.0,0.0,False,False,False
dangerouswalrus9305,5,0.0,5,4,5,4,5.0,5.0,0.0021533511882943415,0.018060986825524084,5.0,0.0,0.0,False,False,False
dankramenplease,13,0.0,6,9,6,9,8.0,13.0,0.008069148076611488,0.007468437263441553,8.0,0.0,0.0,True,False,True
dark4rr0w-,2,0.0,1,1,1,1,2.0,2.0,0.0,0.002412025123189976,2.0,0.0,0.0,False,False,False
dark_star667,1,0.0,0,1,0,1,0.0,1.0,0.0,2.8652471954764707e-18,,,,False,False,False
darkoblivion12,1,0.0,0,1,0,1,0.0,1.0,0.0,-4.611490670641438e-18,,,,False,False,False
darkscyde,5,0.0,1,4,1,4,1.0,5.0,0.0022252215429782165,0.007501479630380676,1.0,0.0,0.0,False,False,False
daveoldhouse,2,0.0,1,2,1,2,1.0,2.0,7.517453424994162e-05,0.0022595484305945315,1.0,0.0,0.0,False,False,False
daylight_star,2,0.0,0,2,0,2,0.0,2.0,0.0,-4.005617843572432e-18,,,,False,False,False
ddiazvil222,1,0.0,0,1,0,1,0.0,1.0,0.0,5.149787423500345e-18,,,,False,False,False
deep-equal-2025,1,0.0,0,1,0,1,0.0,1.0,0.0,-9.574890867079009e-19,,,,False,False,False
deepfriedvalues,5,0.0,0,5,0,5,0.0,5.0,0.0,-6.297012793050258e-19,,,,False,False,False
defiant-honey-5902,2,0.0,1,1,1,1,1.0,2.0,0.0,0.0005582305457945753,1.0,0.0,0.0,False,False,False
delta_vixen,5,0.4,1,2,1,2,3.0,5.0,0.00018909878283632626,0.0013934308535267052,3.0,0.0,0.0,False,False,False
deneweth,1,0.0,0,1,0,1,0.0,1.0,0.0,-5.0889595852086914e-18,,,,False,False,False
dentifreeze,2,0.0,1,1,1,1,1.0,2.0,0.0,0.002416104296647939,1.0,0.0,0.0,False,False,False
dependonyouu,2,0.0,0,2,0,2,0.0,2.0,0.0,-1.2608544137286957e-19,,,,False,False,False
depressed_fatcat69,3,0.0,5,3,5,3,6.0,3.0,0.00418879290112856,0.06986668819427584,6.0,0.0,0.0,False,False,False
desperate_movie188,1,0.0,2,1,2,1,2.0,1.0,0.00041627767500805585,0.009022781652753336,2.0,0.0,0.0,False,False,False
destronin,2,0.5,0,2,0,2,0.0,2.0,0.0,2.8570492341422285e-18,,,,False,False,False
detectivestraight481,3,0.0,1,3,1,3,1.0,3.0,0.0004395874711962684,0.0009211235959750993,1.0,0.0,0.0,False,False,False
detherocye,1,0.0,0,1,0,1,0.0,1.0,0.0,-6.562110330141804e-19,,,,False,False,False
dexter2k16,3,0.0,1,3,1,3,1.0,3.0,7.615153180348985e-05,0.002195390979898645,1.0,0.0,0.0,False,False,False
dexteriffic,2,0.5,1,1,1,1,1.0,2.0,0.0,0.0005606730732574265,1.0,0.0,0.0,False,False,False
diddler0717,6,0.3333333333333333,3,4,3,4,4.0,6.0,0.0036085434757435245,0.06808192546629516,4.0,0.0,0.0,False,False,False
diligent_rabbit9578,2,0.0,0,2,0,2,0.0,2.0,0.0,-2.1870256240409273e-18,,,,False,False,False
diligenttradition799,1,0.0,0,1,0,1,0.0,1.0,0.0,4.9797547837661045e-18,,,,False,False,False
disastrous_ground503,1,0.0,0,1,0,1,0.0,1.0,0.0,-9.887204654182467e-19,,,,False,False,False
dismal-friend6596,6,0.0,2,5,2,5,3.0,6.0,0.0017778180535909082,0.009750856195594057,3.0,0.0,0.0,False,False,False
dkhunu,6,0.0,5,5,5,5,7.0,6.0,0.005573206634214592,6.091732863506266e-05,7.0,0.0,0.0,False,False,True
dkoom_tv,5,0.0,2,3,2,3,5.0,5.0,0.0008141042419761051,0.012956249431171477,5.0,0.0,0.0,False,False,False
dmate34,1,0.0,2,1,2,1,2.0,1.0,2.914857026262862e-06,0.002325852051444582,2.0,0.0,0.0,False,False,False
dmitriraccoon,2,0.0,0,1,0,1,0.0,1.0,0.0,-2.799081622784438e-18,,,,False,False,False
dommeno_,1,0.0,1,1,1,1,1.0,1.0,0.0,0.007076012996518336,1.0,0.0,0.0,False,False,False
dorianss,1,1.0,0,1,0,1,0.0,1.0,0.0,4.598460074003038e-18,,,,False,False,False
double-lavishness180,3,0.0,2,3,2,3,3.0,3.0,0.0006416830611601356,0.0016412912923312005,3.0,0.0,0.0,False,False,False
drakereinz,1,0.0,1,1,1,1,1.0,1.0,0.0,1.8473117679997854e-17,1.0,0.0,0.0,False,False,False
dramaticblacksmith50,1,0.0,0,1,0,1,0.0,1.0,0.0,1.9183918730235414e-18,,,,False,False,False
drastically-_-,8,0.125,7,5,7,5,7.0,6.0,0.007027615116110044,0.016621455111160425,7.0,0.0,0.0,True,False,True
drelkag,1,0.0,0,1,0,1,0.0,1.0,0.0,2.975639288376364e-18,,,,False,False,False
drop_of_faith,1,0.0,0,1,0,1,0.0,1.0,0.0,5.36963416138484e-18,,,,False,False,False
druset,2,0.0,1,1,1,1,1.0,2.0,0.0,0.0016540269723945334,1.0,0.0,0.0,False,False,False
dry-championship4996,5,0.2,4,3,4,3,5.0,5.0,0.002326157434080017,0.03443573047390392,5.0,0.0,0.0,False,False,False
dubtowncrippler,2,0.0,1,2,1,2,1.0,2.0,0.0,0.011973525133600935,1.0,0.0,0.0,False,False,False
ducata123,1,0.0,1,1,1,1,1.0,1.0,0.0,8.580247628770683e-18,1.0,0.0,0.0,False,False,False
duck_6491,2,0.0,1,1,1,1,2.0,2.0,0.0,7.621159111799725e-06,2.0,0.0,0.0,False,False,False
dudelebowski31,8,0.125,7,6,7,6,7.0,8.0,0.00987968531775945,0.034549443211162656,7.0,0.0,0.0,True,False,True
due_astronaut_8980,1,0.0,0,1,0,1,0.0,1.0,0.0,-3.4719649100809754e-18,,,,False,False,False
dull-mess2594,2,0.0,1,2,1,2,1.0,2.0,0.0005703403581387667,-1.1629508876570405e-17,1.0,0.0,0.0,False,False,False
dunamisbeam,1,0.0,0,1,0,1,0.0,1.0,0.0,5.4353927046947965e-18,,,,False,False,False
dustiradustira,83,0.0963855421686747,50,61,50,61,66.0,82.0,0.1720234932883982,0.42295297686986955,66.0,0.0,0.0,True,False,True
dvorpe,3,0.3333333333333333,3,3,3,3,4.0,3.0,0.0031812745260535896,0.010299025399775542,4.0,0.0,0.0,False,False,False
dylanraine69,1,0.0,0,1,0,1,0.0,1.0,0.0,-2.8755220393917854e-18,,,,False,False,False
e_c_h_o,2,0.0,0,2,0,2,0.0,2.0,0.0,-9.320236944101825e-19,,,,False,False,False
east_equipment_4998,2,0.0,0,2,0,2,0.0,2.0,0.0,-4.094576063649555e-18,,,,False,False,False
edgarfigueiras,3,0.0,3,3,3,3,3.0,3.0,0.005451057420856337,0.05516256957018862,3.0,0.0,0.0,False,False,False
edge9999,1,0.0,0,1,0,1,0.0,1.0,0.0,-4.200735378872355e-18,,,,False,False,False
edhawkk,1,1.0,0,1,0,1,0.0,1.0,0.0,-3.0725354040857206e-18,,,,False,False,False
educationalhold3947,1,0.0,0,1,0,1,0.0,1.0,0.0,-2.0642782706586267e-18,,,,False,False,False
edwarddace,6,0.0,4,4,4,4,7.0,6.0,0.002908532936734178,0.01322094227014166,7.0,0.0,0.0,False,False,False
eggbone87,2,0.0,3,2,3,2,3.0,2.0,0.001091314643828794,0.0035537459844477343,3.0,0.0,0.0,False,False,False
eialmux,1,0.0,0,1,0,1,0.0,1.0,0.0,1.7854173124020843e-19,,,,False,False,False
ekamit,1,0.0,2,1,2,1,2.0,1.0,6.441524340461103e-06,0.001775708368321901,2.0,0.0,0.0,False,False,False
elarc,3,0.3333333333333333,1,2,1,2,3.0,3.0,2.914857026262862e-06,6.109532337227327e-19,3.0,0.0,0.0,False,False,False
eldrin7,1,0.0,3,1,3,1,4.0,1.0,0.0009272190056702393,0.011256161017899563,4.0,0.0,0.0,False,False,False
elec_wolf,1,0.0,0,1,0,1,0.0,1.0,0.0,-4.592653332419296e-18,,,,False,False,False
electrical-ad-6728,2,0.0,1,1,1,1,2.0,2.0,0.0,0.0030500324197523816,2.0,0.0,0.0,False,False,False
electricallaw1,1,0.0,1,1,1,1,1.0,1.0,0.0,0.023286100231557274,1.0,0.0,0.0,False,False,False
elivaras,7,0.0,5,7,5,7,5.0,7.0,0.007584767141885988,0.004773426138144562,5.0,0.0,0.0,False,False,True
ells_the_drunk,10,0.0,4,6,4,6,7.0,10.0,0.0032430827415807786,0.00541974389010896,7.0,0.0,0.0,False,False,False
elpepe-xd,2,0.0,3,2,3,2,3.0,2.0,0.0008540531086950186,0.0021747245288833428,3.0,0.0,0.0,False,False,False
elusive_exclusive,1,0.0,1,1,1,1,1.0,1.0,4.664603033740531e-05,0.0008019595940723637,1.0,0.0,0.0,False,False,False
embarrassed_trust832,2,0.0,0,2,0,2,0.0,2.0,0.0,1.7224692626665325e-19,,,,False,False,False
embarrassedhippo4193,1,0.0,0,1,0,1,0.0,1.0,0.0,-4.430226628513717e-19,,,,False,False,False
emergency-constant44,8,0.125,5,3,5,3,11.0,8.0,0.0016851613749787862,0.00597142947840628,11.0,0.0,0.0,False,False,False
emetalex,1,0.0,0,1,0,1,0.0,1.0,0.0,8.335715623618048e-19,,,,False,False,False
emotional-remote9152,1,0.0,0,1,0,1,0.0,1.0,0.0,-2.9020954978000984e-19,,,,False,False,False
empty-impression-432,1,0.0,0,1,0,1,0.0,1.0,0.0,-1.877758920345196e-18,,,,False,False,False
endisnigh-ish,1,0.0,0,1,0,1,0.0,1.0,0.0,-2.541635036313771e-18,,,,False,False,False
enlight13,1,0.0,1,1,1,1,1.0,1.0,0.0005739251661002332,0.002208860133605581,1.0,0.0,0.0,False,False,False
enragedn3wb,1,0.0,0,1,0,1,0.0,1.0,0.0,-1.3524953479478654e-18,,,,False,False,False
epiceman,1,0.0,0,1,0,1,0.0,1.0,0.0,-2.662777703356331e-18,,,,False,False,False
equart,3,0.0,20,3,20,3,20.0,3.0,0.0023791907431543646,0.06626541930037597,20.0,0.0,0.0,True,False,False
eusouopapao,2,0.0,1,1,1,1,2.0,2.0,0.0,0.0016540269723945402,2.0,0.0,0.0,False,False,False
evilgoddamist,1,0.0,0,1,0,1,0.0,1.0,0.0,4.631594812863602e-18,,,,False,False,False
evongelion,5,0.0,2,4,2,4,2.0,5.0,0.0012297003286529347,0.0012573914519762306,2.0,0.0,0.0,False,False,False
ex1sting_hum4n,2,0.0,1,1,1,1,1.0,1.0,0.0,0.005250058765385047,1.0,0.0,0.0,False,False,False
ex_phase,2,0.5,1,2,1,2,1.0,2.0,0.0004988066288238265,1.546112199768715e-17,1.0,0.0,0.0,False,False,False
excellent-macaron325,1,0.0,2,1,2,1,2.0,1.0,0.00022295288909973958,0.001028469569983557,2.0,0.0,0.0,False,False,False
expensive_night9893,1,0.0,2,1,2,1,2.0,1.0,9.716190087542874e-07,-1.74818662145122e-17,2.0,0.0,0.0,False,False,False
extra-attention-8869,1,0.0,1,1,1,1,1.0,1.0,0.0008372339174726449,0.017655825930661187,1.0,0.0,0.0,False,False,False
extreme_database7430,1,0.0,0,1,0,1,0.0,1.0,0.0,3.1415288935141196e-18,,,,False,False,False
eyeofcloud,8,0.0,7,6,7,6,8.0,8.0,0.004124832295337678,0.11733303621256103,8.0,0.0,0.0,True,False,False
eysuuuuuu,1,0.0,1,1,1,1,1.0,1.0,0.0,0.001624296626835569,1.0,0.0,0.0,False,False,False
eysz,1,0.0,0,1,0,1,0.0,1.0,0.0,1.553874850719993e-18,,,,False,False,False
ezpkezlife,6,0.0,18,6,18,6,22.0,6.0,0.014010382720288065,0.05996070849457025,22.0,0.0,0.0,True,False,True
f4nt4syf00tb4llf4n,3,0.0,1,3,1,3,1.0,3.0,5.711567880002894e-05,0.0009596696011464394,1.0,0.0,0.0,False,False,False
fabulous_welcome_218,1,0.0,2,1,2,1,2.0,1.0,8.44575374554679e-05,0.00365572332152924,2.0,0.0,0.0,False,False,False
faifmain2000,1,0.0,0,1,0,1,0.0,1.0,0.0,6.931281728836558e-19,,,,False,False,False
familiar_trash_9534,1,0.0,0,1,0,1,0.0,1.0,0.0,4.1476428223726514e-18,,,,False,False,False
fancanth,6,0.0,8,6,8,6,8.0,6.0,0.017910808388471686,0.062125559585027176,8.0,0.0,0.0,True,False,True
fanegar,1,0.0,0,1,0,1,0.0,1.0,0.0,-1.1399397021408794e-18,,,,False,False,False
fantasticcupcake6248,2,0.0,0,2,0,2,0.0,2.0,0.0,5.547004451199336e-18,,,,False,False,False
far_tomatillo_8331,1,0.0,1,1,1,1,1.0,1.0,6.716144377554585e-05,1.5616947089628443e-17,1.0,0.0,0.0,False,False,False
farcillle,1,0.0,1,1,1,1,1.0,1.0,0.0,0.00999169088651415,1.0,0.0,0.0,False,False,False
fascistpope,5,0.0,2,2,2,2,5.0,5.0,0.0013962165155799108,0.026109858347429002,5.0,0.0,0.0,False,False,False
fed3264,1,0.0,0,1,0,1,0.0,1.0,0.0,5.448602742499366e-18,,,,False,False,False
feelsbadforthehype,2,0.0,3,1,3,1,3.0,2.0,0.0005674255011125037,0.008416758360370095,3.0,0.0,0.0,False,False,False
feethotterthanbewbz,1,0.0,0,1,0,1,0.0,1.0,0.0,1.0355875776031252e-18,,,,False,False,False
feisty-leg9934,1,0.0,2,1,2,1,2.0,1.0,2.912946736364695e-05,0.010091985214037601,2.0,0.0,0.0,False,False,False
fernandolieuthier,3,0.6666666666666666,6,2,6,2,7.0,2.0,0.0030205020864361525,0.01659221934576278,7.0,0.0,0.0,True,False,False
feuerfinger,12,0.0,19,9,19,9,25.0,12.0,0.023113902993337886,0.04546800847594645,25.0,0.0,0.0,True,False,True
fewkick,1,0.0,0,1,0,1,0.0,1.0,0.0,5.258050723898964e-18,,,,False,False,False
fickle_temperature_8,4,0.0,1,3,1,3,2.0,4.0,5.404194753307181e-05,0.0009343507008019498,2.0,0.0,0.0,False,False,False
finaltemperature1780,1,0.0,0,1,0,1,0.0,1.0,0.0,-7.28621459309564e-19,,,,False,False,False
finaplixxx,1,0.0,1,1,1,1,1.0,1.0,0.0,0.0003176361576812456,1.0,0.0,0.0,False,False,False
findinginside1817,2,0.0,4,2,4,2,5.0,2.0,0.001340568966900379,0.004796124510188407,5.0,0.0,0.0,False,False,False
firehamstr,3,0.0,1,2,1,2,2.0,3.0,7.743148042503862e-05,0.006679706605362497,2.0,0.0,0.0,False,False,False
fistonks,1,0.0,1,1,1,1,1.0,1.0,0.0,0.0015078504756898044,1.0,0.0,0.0,False,False,False
fixenet,1,0.0,2,1,2,1,2.0,1.0,0.0011542159212288273,0.0030897672863784255,2.0,0.0,0.0,False,False,False
flufferpope,5,0.0,5,4,5,4,6.0,5.0,0.004015893224907089,0.0067997675943941675,6.0,0.0,0.0,False,False,False
folksvaletti,7,0.1428571428571428,4,4,4,4,5.0,7.0,0.0018844059943610185,0.10739046152100845,5.0,0.0,0.0,False,False,False
forfeitfpv,10,0.0,6,6,6,6,8.0,10.0,0.005227173616385671,0.040836530704214585,8.0,0.0,0.0,True,False,True
freddexter,18,0.0,16,15,16,15,16.0,18.0,0.037204676246847763,0.08066709680843528,16.0,0.0,0.0,True,False,True
frigidus_ardeat,1,0.0,4,1,4,1,4.0,1.0,0.0001830429966087412,0.019615286713667274,4.0,0.0,0.0,False,False,False
frjackenklaken,22,0.0,15,20,15,20,19.0,22.0,0.038897983404765996,0.12798254177812549,19.0,0.0,0.0,True,False,True
fronded,2,0.0,1,1,1,1,1.0,2.0,0.0,-1.8361648833166906e-17,1.0,0.0,0.0,False,False,False
frosty-pineapple1443,1,0.0,0,1,0,1,0.0,1.0,0.0,-4.751696120596261e-18,,,,False,False,False
frozenhearts00,1,0.0,0,1,0,1,0.0,1.0,0.0,1.0054541509564233e-18,,,,False,False,False
fun-damage2813,2,0.0,3,2,3,2,3.0,2.0,0.0034159941480112702,0.05601344011822944,3.0,0.0,0.0,False,False,False
fundoughnut2827,1,0.0,0,1,0,1,0.0,1.0,0.0,-5.9201089225602505e-18,,,,False,False,False
fzndr,1,0.0,3,1,3,1,3.0,1.0,0.0005831286366471262,0.009006362093729868,3.0,0.0,0.0,False,False,False
gabsgame10,3,0.0,11,2,11,2,14.0,3.0,0.0038286736100872965,0.02554061758984346,14.0,0.0,0.0,True,False,False
gacel_,1,0.0,0,1,0,1,0.0,1.0,0.0,3.759400385457155e-18,,,,False,False,False
galloche,4,0.0,6,4,6,4,8.0,4.0,0.0026687767126450444,0.019312366701238887,8.0,0.0,0.0,True,False,False
gamedoubletriple,9,0.3333333333333333,6,6,6,6,9.0,9.0,0.006088483394426645,0.056559875317090814,9.0,0.0,0.0,True,True,True
gamer99912,1,0.0,0,1,0,1,0.0,1.0,0.0,5.892160264328541e-18,,,,False,False,False
gamermodeon,4,0.25,3,2,3,2,5.0,4.0,0.009311521390655707,0.02626866321161987,5.0,0.0,0.0,False,False,True
getsmurfed,2,0.0,2,2,2,2,2.0,2.0,0.0011915618722452865,0.008081161709919947,2.0,0.0,0.0,False,False,False
getzlatanized,4,0.25,4,4,4,4,4.0,4.0,0.004726538508831699,0.010351361619956248,4.0,0.0,0.0,False,False,False
gingermessiah99,1,0.0,0,1,0,1,0.0,1.0,0.0,4.2306687409613785e-18,,,,False,False,False
gingersnapbiscuit,29,0.0,6,14,6,14,15.0,29.0,0.008003909300059798,0.14112626895255959,15.0,0.0,0.0,True,False,True
glannsberg,1,0.0,1,1,1,1,1.0,1.0,0.0005683971201212581,1.5124897989483891e-18,1.0,0.0,0.0,False,False,False
glizzy_gobier,2,0.0,1,1,1,1,2.0,2.0,0.0,0.0011386221896897,2.0,0.0,0.0,False,False,False
global-ad-5149,2,0.0,0,2,0,2,0.0,2.0,0.0,2.327569255720409e-18,,,,False,False,False
godie61,1,0.0,1,1,1,1,1.0,1.0,0.0005674255011125037,1.2012555845984988e-17,1.0,0.0,0.0,False,False,False
good_walk3614,1,1.0,0,1,0,1,0.0,1.0,0.0,-2.1486124100109865e-18,,,,False,False,False
gorbachef82,1,0.0,0,1,0,1,0.0,1.0,0.0,-1.8727398516119783e-18,,,,False,False,False
gotmilk60,1,0.0,1,1,1,1,1.0,1.0,0.0,0.05291420365530711,1.0,0.0,0.0,False,False,False
gowat5,4,0.0,2,2,2,2,2.0,4.0,0.00027626999148846,0.010671279853396904,2.0,0.0,0.0,False,False,False
greatmemer,4,0.75,1,1,1,1,4.0,4.0,0.0,0.0013934308535267052,4.0,0.0,0.0,False,False,False
greedy_wishbone1336,2,0.0,2,2,2,2,2.0,2.0,0.004872051648233314,0.048425402177921295,2.0,0.0,0.0,False,False,False
green_struggle_1815,1,1.0,0,1,0,1,0.0,1.0,0.0,4.304607849399165e-18,,,,False,False,False
grenadesucker,1,0.0,0,1,0,1,0.0,1.0,0.0,-1.7277528191196182e-18,,,,False,False,False
grimgiggle,3,0.0,7,2,7,2,8.0,3.0,0.002968236580508315,0.05423938031394606,8.0,0.0,0.0,True,False,False
grimhawke-eb,12,0.0,8,9,8,9,10.0,12.0,0.01616524931737457,0.019768626098474518,10.0,0.0,0.0,True,False,True
grintax_dnb,8,0.125,2,6,2,6,3.0,8.0,0.00502385590286393,0.012265866822159447,3.0,0.0,0.0,False,False,False
grumpalumpahaha,1,0.0,2,1,2,1,2.0,1.0,0.0,0.007949212035253209,2.0,0.0,0.0,False,False,False
guubertrooper,1,0.0,0,1,0,1,0.0,1.0,0.0,4.3210424018233495e-18,,,,False,False,False
h3yjoe,1,0.0,0,1,0,1,0.0,1.0,0.0,2.4286109921945125e-18,,,,False,False,False
halborn,17,0.2352941176470588,4,12,4,12,8.0,17.0,0.008746839481670793,0.012114966725620345,8.0,0.0,0.0,False,True,True
hamburger2045,4,0.0,4,2,4,2,5.0,4.0,0.001495857248713605,0.002444529217823457,5.0,0.0,0.0,False,False,False
haraj412,1,0.0,3,1,3,1,3.0,1.0,0.000506758497640327,0.009319233397148354,3.0,0.0,0.0,False,False,False
havoc_cat,1,0.0,0,1,0,1,0.0,1.0,0.0,6.356960715857077e-18,,,,False,False,False
havoq12,1,0.0,2,1,2,1,2.0,1.0,0.0,0.017941504084987556,2.0,0.0,0.0,False,False,False
head_diet8344,1,0.0,0,1,0,1,0.0,1.0,0.0,2.8231550354318233e-18,,,,False,False,False
hebrews_decks,7,0.0,2,6,2,6,2.0,6.0,0.0021436122984364375,0.001584701871366412,2.0,0.0,0.0,False,False,False
heisen-reddit,3,0.0,4,3,4,3,4.0,3.0,0.004093620660403018,0.020477281398027482,4.0,0.0,0.0,False,False,False
hekios888,1,0.0,0,1,0,1,0.0,1.0,0.0,2.114331868580553e-19,,,,False,False,False
hellementsao,1,0.0,0,1,0,1,0.0,1.0,0.0,-1.387936317037681e-18,,,,False,False,False
heshkill,3,0.0,6,3,6,3,7.0,3.0,0.004235360489399103,0.05982078799843434,7.0,0.0,0.0,True,False,False
hexfyber,2,0.5,0,2,0,2,0.0,2.0,0.0,-4.980672498539434e-19,,,,False,False,False
heyshorty,1,0.0,0,1,0,1,0.0,1.0,0.0,-1.1534863777134174e-18,,,,False,False,False
hf484,1,0.0,2,1,2,1,3.0,1.0,0.0005674255011125039,0.002422636433248189,3.0,0.0,0.0,False,False,False
hiiiiiiiiiiiiiiello,1,0.0,0,1,0,1,0.0,1.0,0.0,1.7381732889155713e-18,,,,False,False,False
holay63,1,0.0,0,1,0,1,0.0,1.0,0.0,3.5342165069289494e-18,,,,False,False,False
honest-entry8526,1,0.0,0,1,0,1,0.0,1.0,0.0,-2.7084434942835215e-18,,,,False,False,False
honkingcookingdonkey,1,0.0,5,1,5,1,5.0,1.0,0.00018428401367743193,0.0069530633578508815,5.0,0.0,0.0,False,False,False
hopeful-machine-6144,4,0.0,8,4,8,4,8.0,4.0,0.00966248160644645,0.03451968805272864,8.0,0.0,0.0,True,False,True
horror_town_8949,1,1.0,0,1,0,1,0.0,1.0,0.0,-3.7006395608639354e-18,,,,False,False,False
hot_requirement_8590,1,0.0,2,1,2,1,2.0,1.0,0.0016643833619960943,0.00028757711614631453,2.0,0.0,0.0,False,False,False
hotdot4725,5,0.0,2,4,2,4,2.0,4.0,0.0008479431987672456,0.02902234071545963,2.0,0.0,0.0,False,False,False
hotjns,3,0.0,0,3,0,3,0.0,3.0,0.0,-4.634215229408115e-18,,,,False,False,False
hour-low-1150,1,0.0,5,1,5,1,5.0,1.0,0.0005731628829492856,0.09608617535212782,5.0,0.0,0.0,False,False,False
hundredfiftyfourth,2,0.0,5,2,5,2,5.0,2.0,0.0030636521848602964,0.017548164503998105,5.0,0.0,0.0,False,False,False
hungry_yak633,2,0.0,5,2,5,2,5.0,2.0,0.0018254000455786908,0.01650685104031158,5.0,0.0,0.0,False,False,False
hydrapaladin,3,0.0,0,3,0,3,0.0,3.0,0.0,-2.358857584695273e-19,,,,False,False,False
hypatia_375,1,0.0,3,1,3,1,3.0,1.0,0.001014179934300842,0.07647641763943748,3.0,0.0,0.0,False,False,False
i_jungle_teemo,1,1.0,0,1,0,1,0.0,1.0,0.0,2.0724177526577614e-18,,,,False,False,False
i_nut_for_nutella,1,0.0,2,1,2,1,2.0,1.0,5.51077976239022e-05,0.004364813126899516,2.0,0.0,0.0,False,False,False
iamblicky,1,0.0,0,1,0,1,0.0,1.0,0.0,2.7002029038301116e-18,,,,False,False,False
icemadeyou,3,0.0,1,2,1,2,2.0,3.0,6.756222178730705e-05,0.007076012996518339,2.0,0.0,0.0,False,False,False
icy-shocks,1,0.0,1,1,1,1,1.0,1.0,0.0,0.0005606730732574274,1.0,0.0,0.0,False,False,False
identityhomebrew,3,0.0,9,2,9,2,12.0,3.0,0.00951486198484313,0.037085976519596255,12.0,0.0,0.0,True,False,True
ignisiumest,14,0.1428571428571428,6,11,6,11,8.0,14.0,0.021370488486683076,0.028904367423735013,8.0,0.0,0.0,True,False,True
ihurtfatkid,18,0.1666666666666666,11,11,11,11,21.0,18.0,0.012634553005219505,0.004481563153246517,21.0,0.0,0.0,True,False,True
iimero,3,0.6666666666666666,2,2,2,2,2.0,3.0,0.0011227991030500902,0.05515724650237936,2.0,0.0,0.0,False,False,False
ikuuuya,1,0.0,1,1,1,1,1.0,1.0,0.0,0.0073501349052118,1.0,0.0,0.0,False,False,False
ill-wallaby-4312,1,1.0,0,1,0,1,0.0,1.0,0.0,4.2636644244036215e-18,,,,False,False,False
iluvatar-great,5,0.0,18,5,18,5,19.0,5.0,0.010142989771688947,0.03486966961392279,19.0,0.0,0.0,True,False,True
imacyber,1,0.0,0,1,0,1,0.0,1.0,0.0,1.3333475070543416e-18,,,,False,False,False
imaginaryshoe2870,9,0.1111111111111111,4,7,4,7,5.0,9.0,0.006244282512963197,0.019279761116385866,5.0,0.0,0.0,False,False,True
imastrangeone,12,0.0,3,11,3,11,5.0,12.0,0.004945084297478296,0.009305471647099009,5.0,0.0,0.0,False,False,False
imdami,4,0.0,7,4,7,4,7.0,4.0,0.005476050083916774,0.019514196988735147,7.0,0.0,0.0,True,False,True
immediatelyrusty,2,0.0,2,2,2,2,2.0,2.0,0.0018450618996425975,0.008046692789138846,2.0,0.0,0.0,False,False,False
immortalxphoenix,2,0.0,1,2,1,2,1.0,2.0,0.00031541211730385955,0.00031763615768124235,1.0,0.0,0.0,False,False,False
impades,1,0.0,0,1,0,1,0.0,1.0,0.0,-4.3692700459931965e-18,,,,False,False,False
impossible-glass9521,2,0.0,1,1,1,1,2.0,2.0,0.0,0.00014946737348180006,2.0,0.0,0.0,False,False,False
incrediblemomo,2,0.0,1,2,1,2,1.0,2.0,0.0,0.0009297741618172278,1.0,0.0,0.0,False,False,False
infernalwiz,1,0.0,0,1,0,1,0.0,1.0,0.0,-2.4552346317572782e-18,,,,False,False,False
infiderpy,1,0.0,1,1,1,1,1.0,1.0,0.0,0.04634594864786594,1.0,0.0,0.0,False,False,False
infiltrate,1,0.0,0,1,0,1,0.0,1.0,0.0,3.755382251260647e-18,,,,False,False,False
infinite-cupcake-999,5,0.0,1,5,1,5,1.0,5.0,0.0002295455246747986,0.0007950692076231857,1.0,0.0,0.0,False,False,False
infinite-worth-6434,1,0.0,0,1,0,1,0.0,1.0,0.0,-3.280517652325965e-19,,,,False,False,False
innocentdestroy,2,0.0,1,1,1,1,2.0,2.0,0.0,1.6909942356807665e-17,2.0,0.0,0.0,False,False,False
instructioninformal5,2,0.0,2,2,2,2,3.0,2.0,0.0005828742433516969,0.0005485911787471084,3.0,0.0,0.0,False,False,False
internationallook624,12,0.1666666666666666,20,5,20,5,24.0,9.0,0.01907054298334191,0.08581565555492174,24.0,0.0,0.0,True,False,True
io_rexzeus_oi,2,0.0,2,2,2,2,2.0,2.0,0.0023747590675424943,0.0009914542005965987,2.0,0.0,0.0,False,False,False
irishmexican59,3,0.0,1,1,1,1,3.0,3.0,0.0,0.023286100231557277,3.0,0.0,0.0,False,False,False
isawuolwreckingtsm,4,0.0,1,4,1,4,1.0,4.0,0.0007274206788883092,0.0014109788385881553,1.0,0.0,0.0,False,False,False
isekii,3,0.0,1,2,1,2,1.0,3.0,0.00082010827099293,0.0033091410610059046,1.0,0.0,0.0,False,False,False
isuckatvalorantyes,1,0.0,1,1,1,1,1.0,1.0,0.0,0.0027110485812733114,1.0,0.0,0.0,False,False,False
itchy_de,2,0.0,1,2,1,2,1.0,2.0,2.369940698853166e-05,0.00014906024433103036,1.0,0.0,0.0,False,False,False
itscenkbro,2,0.0,1,1,1,1,1.0,2.0,0.0,0.0013934308535266968,1.0,0.0,0.0,False,False,False
itsmagic777,2,0.0,3,2,3,2,3.0,2.0,0.00016739016701366468,0.005291166601991421,3.0,0.0,0.0,False,False,False
ittapeworm,1,0.0,1,1,1,1,1.0,1.0,0.0,0.00829024048515732,1.0,0.0,0.0,False,False,False
ivlimitless,1,0.0,0,1,0,1,0.0,1.0,0.0,2.3915492230758836e-18,,,,False,False,False
j_j_games,1,0.0,0,1,0,1,0.0,1.0,0.0,3.981524334856681e-19,,,,False,False,False
jackalope268,1,0.0,1,1,1,1,1.0,1.0,0.0,0.0015646758847716218,1.0,0.0,0.0,False,False,False
jacktheexplosive,1,0.0,0,1,0,1,0.0,1.0,0.0,-7.557436548668887e-19,,,,False,False,False
jaffycake-youtube,15,0.1333333333333333,4,7,4,7,7.0,15.0,0.00742991601101613,0.05544175954987638,7.0,0.0,0.0,False,False,True
jahkal_inc,2,0.0,1,2,1,2,1.0,2.0,0.0001551150112684866,0.010355094434758596,1.0,0.0,0.0,False,False,False
jardanikozlova,1,0.0,1,1,1,1,1.0,1.0,0.0,0.0005488812627044128,1.0,0.0,0.0,False,False,False
jasonelegant,1,0.0,0,1,0,1,0.0,1.0,0.0,3.5663414522282836e-18,,,,False,False,False
javascript6969,1,0.0,0,1,0,1,0.0,1.0,0.0,-4.141994834247839e-18,,,,False,False,False
jay4adams,2,0.0,0,2,0,2,0.0,2.0,0.0,3.4019945171919327e-18,,,,False,False,False
jayicon97,1,0.0,0,1,0,1,0.0,1.0,0.0,5.60505650649823e-19,,,,False,False,False
jayywvy,1,0.0,0,1,0,1,0.0,1.0,0.0,-4.478294334443119e-18,,,,False,False,False
jellytortise88,2,0.0,4,2,4,2,4.0,2.0,0.0019118272248955445,0.013433508896158203,4.0,0.0,0.0,False,False,False
jesterech,2,0.0,3,2,3,2,3.0,2.0,0.0010056370416693893,0.006433248778693723,3.0,0.0,0.0,False,False,False
jesuislabasjzbsb,1,0.0,0,1,0,1,0.0,1.0,0.0,7.304232926776477e-19,,,,False,False,False
jezvin,2,0.0,2,1,2,1,2.0,2.0,0.0005674255011125037,0.0463459486478659,2.0,0.0,0.0,False,False,False
jhaaaz11,3,0.0,7,3,7,3,8.0,3.0,0.004405882285947961,0.012675400698157795,8.0,0.0,0.0,True,False,False
jockstrapwill,2,0.0,1,1,1,1,2.0,2.0,0.0,0.0005606730732574313,2.0,0.0,0.0,False,False,False
johnnyunfunny,1,0.0,0,1,0,1,0.0,1.0,0.0,-4.295350252093656e-18,,,,False,False,False
jon-robb,4,0.25,2,3,2,3,2.0,4.0,0.0014370526987945865,0.003921171719403219,2.0,0.0,0.0,False,False,False
jonah-joni-jon,2,0.0,8,2,8,2,8.0,2.0,0.0034570271641817716,0.06288829432884993,8.0,0.0,0.0,True,False,False
jota_9,5,0.0,0,5,0,5,0.0,5.0,0.0,-3.6918555641151505e-18,,,,False,False,False
jozeri,1,0.0,0,1,0,1,0.0,1.0,0.0,-2.896630092277224e-19,,,,False,False,False
juanma_doe,2,0.0,1,2,1,2,1.0,2.0,2.939147501481719e-05,0.007315535271684096,1.0,0.0,0.0,False,False,False
juanvm95,4,0.0,1,4,1,4,2.0,4.0,0.0005683971201212581,-8.655161038280293e-18,2.0,0.0,0.0,False,False,False
jucean,8,0.25,3,6,3,6,5.0,8.0,0.0034091698042377516,0.012983302141614804,5.0,0.0,0.0,False,False,False
jumbo_shrimp400,3,0.3333333333333333,0,3,0,3,0.0,3.0,0.0,5.536894352440898e-18,,,,False,False,False
jumpy_philosopher502,3,0.0,0,3,0,3,0.0,3.0,0.0,-2.5522203482927455e-18,,,,False,False,False
just_pete401,2,0.0,0,2,0,2,0.0,2.0,0.0,1.4155810072717769e-18,,,,False,False,False
justjonas0,2,0.0,1,1,1,1,1.0,2.0,0.0,0.0005606730732574291,1.0,0.0,0.0,False,False,False
justlaughandmoveon,1,0.0,0,1,0,1,0.0,1.0,0.0,4.23229152958202e-18,,,,False,False,False
kaanmine,2,0.0,1,2,1,2,1.0,2.0,0.0,1.3908504257253273e-17,1.0,0.0,0.0,False,False,False
kadoskracker,3,0.3333333333333333,0,3,0,3,0.0,3.0,0.0,-7.075668108704005e-19,,,,False,False,False
kalebpierre,4,0.0,1,2,1,2,3.0,3.0,3.616157746510153e-05,-8.084695960538995e-18,3.0,0.0,0.0,False,False,False
kalinganarthana,1,0.0,0,1,0,1,0.0,1.0,0.0,4.991141013743356e-18,,,,False,False,False
kami-yang1,1,0.0,4,1,4,1,4.0,1.0,0.0007359975256972337,0.004338849085070295,4.0,0.0,0.0,False,False,False
karmas_bullets,4,0.0,10,4,10,4,11.0,4.0,0.005649186416125541,0.014163703013728771,11.0,0.0,0.0,True,False,True
kasvita,1,0.0,0,1,0,1,0.0,1.0,0.0,4.4719375244151436e-18,,,,False,False,False
kelticorigin,2,0.0,1,2,1,2,1.0,2.0,2.914857026262862e-06,-1.4272686763730124e-17,1.0,0.0,0.0,False,False,False
kemosabenl,1,0.0,0,1,0,1,0.0,1.0,0.0,3.012905214609503e-18,,,,False,False,False
kemper2290,1,0.0,0,1,0,1,0.0,1.0,0.0,-9.867709523163675e-19,,,,False,False,False
kereez,1,0.0,0,1,0,1,0.0,1.0,0.0,-3.1768325067506397e-18,,,,False,False,False
keui,1,0.0,0,1,0,1,0.0,1.0,0.0,-5.109061258152156e-19,,,,False,False,False
kevin2355,5,0.0,4,5,4,5,5.0,5.0,0.002429968471358596,0.01214732840683134,5.0,0.0,0.0,False,False,False
key_clock8669,2,0.0,1,2,1,2,1.0,2.0,0.00035893350828649577,0.002079453530055394,1.0,0.0,0.0,False,False,False
keyboarddicker,4,0.0,3,3,3,3,3.0,4.0,0.0005774175310678302,0.006235954847040476,3.0,0.0,0.0,False,False,False
keybord_masher,3,0.0,1,3,1,3,1.0,3.0,0.0001795729911597012,0.005008482208302181,1.0,0.0,0.0,False,False,False
kid20304,1,0.0,0,1,0,1,0.0,1.0,0.0,-3.4750975257534526e-18,,,,False,False,False
kimono_fade,1,0.0,0,1,0,1,0.0,1.0,0.0,-1.5303047208780274e-18,,,,False,False,False
kindly-tutor1278,2,0.0,1,1,1,1,1.0,2.0,0.0,0.0015857761279247438,1.0,0.0,0.0,False,False,False
kirahakoto,1,1.0,0,1,0,1,0.0,1.0,0.0,-5.557473699027649e-18,,,,False,False,False
kitchen-future-9124,2,0.0,1,2,1,2,1.0,2.0,7.131274107315698e-05,0.0011641758038619379,1.0,0.0,0.0,False,False,False
klemkray,7,0.1428571428571428,3,7,3,7,3.0,7.0,0.0035591974837096887,0.007702761805752743,3.0,0.0,0.0,False,False,False
known-bee7722,10,0.2,11,10,11,10,11.0,10.0,0.013579724003250493,0.04196468679801527,11.0,0.0,0.0,True,True,True
known-employee-4955,2,0.0,1,2,1,2,1.0,2.0,3.7758771679116305e-05,0.00015730795384562006,1.0,0.0,0.0,False,False,False
kokorosen,1,0.0,0,1,0,1,0.0,1.0,0.0,4.201803534582024e-18,,,,False,False,False
kreload,1,0.0,1,1,1,1,1.0,1.0,0.0,0.011909674438473752,1.0,0.0,0.0,False,False,False
kunkun6969,1,0.0,0,1,0,1,0.0,1.0,0.0,-2.709218804324996e-19,,,,False,False,False
kupukupu377,1,0.0,1,1,1,1,1.0,1.0,8.542150451964776e-06,1.8977999585416248e-17,1.0,0.0,0.0,False,False,False
kyykkyhyppy94,1,0.0,0,1,0,1,0.0,1.0,0.0,5.786428466271278e-18,,,,False,False,False
laavilen,1,0.0,0,1,0,1,0.0,1.0,0.0,1.7194618851607791e-18,,,,False,False,False
ladycatgirl,2,0.0,0,2,0,2,0.0,2.0,0.0,-5.553659556272438e-18,,,,False,False,False
lagencie,1,1.0,2,1,2,1,2.0,1.0,0.00012543524290398108,0.002607812628775525,2.0,0.0,0.0,False,False,False
lakitoot,1,0.0,0,1,0,1,0.0,1.0,0.0,-2.176965277010599e-18,,,,False,False,False
lamaravilla504,1,0.0,0,1,0,1,0.0,1.0,0.0,2.4136072139670374e-18,,,,False,False,False
lamuria_,1,0.0,0,1,0,1,0.0,1.0,0.0,-1.384407937297775e-18,,,,False,False,False
larger_brother,3,0.0,0,3,0,3,0.0,3.0,0.0,-1.408342918490966e-18,,,,False,False,False
laroxide,2,0.0,2,1,2,1,2.0,2.0,0.00010696919967679147,0.025089071058389898,2.0,0.0,0.0,False,False,False
lauritz109,2,0.0,2,2,2,2,2.0,2.0,0.0015629973016714805,0.003673625100036498,2.0,0.0,0.0,False,False,False
lawra_palmer,2,0.0,0,2,0,2,0.0,2.0,0.0,1.7105382875982186e-18,,,,False,False,False
leaderadmirable3086,1,0.0,1,1,1,1,1.0,1.0,0.0,0.00014946737348179955,1.0,0.0,0.0,False,False,False
lebonbon1010,2,0.0,3,2,3,2,4.0,2.0,0.0004684464907266922,0.009677616476311643,4.0,0.0,0.0,False,False,False
leffski,2,0.5,1,2,1,2,1.0,2.0,0.0005683971201212581,1.282319810639885e-17,1.0,0.0,0.0,False,False,False
legitimate_log_1356,2,0.0,1,2,1,2,1.0,2.0,0.0005683971201212581,1.6659715327911145e-17,1.0,0.0,0.0,False,False,False
lemon_boi5491,1,0.0,1,1,1,1,1.0,1.0,0.0,3.0112944278752627e-19,1.0,0.0,0.0,False,False,False
leoelsawy,2,0.0,2,2,2,2,2.0,2.0,0.0013962165155799108,0.004387309039387624,2.0,0.0,0.0,False,False,False
leraging2,1,0.0,0,1,0,1,0.0,1.0,0.0,1.5221602908158193e-18,,,,False,False,False
levalc,1,0.0,0,1,0,1,0.0,1.0,0.0,-1.6464328400610872e-19,,,,False,False,False
lewpac22,3,0.0,5,3,5,3,5.0,3.0,0.0024239594829416162,0.0009157720857981763,5.0,0.0,0.0,False,False,False
licorfino,1,0.0,0,1,0,1,0.0,1.0,0.0,-3.6795219844068024e-19,,,,False,False,False
lightdarknessss,1,0.0,1,1,1,1,1.0,1.0,0.0,0.05291420365530711,1.0,0.0,0.0,False,False,False
lingi25,2,0.5,0,2,0,2,0.0,2.0,0.0,3.6514954335118014e-19,,,,False,False,False
linkd3th,3,0.0,0,2,0,2,0.0,3.0,0.0,-1.028656962252635e-18,,,,False,False,False
lith30,8,0.0,6,7,6,7,7.0,8.0,0.007780110007286475,0.0380107648961559,7.0,0.0,0.0,True,False,True
livid-ad-5037,1,0.0,1,1,1,1,1.0,1.0,0.0,0.0005606730732574371,1.0,0.0,0.0,False,False,False
loadasfaq,1,0.0,0,1,0,1,0.0,1.0,0.0,-9.77436694818584e-19,,,,False,False,False
lodewawatutz,1,0.0,1,1,1,1,1.0,1.0,0.0,0.0004959378804109882,1.0,0.0,0.0,False,False,False
logical-repeat-8995,1,0.0,0,1,0,1,0.0,1.0,0.0,-5.400463218979626e-19,,,,False,False,False
logical_area_4806,1,0.0,1,1,1,1,1.0,1.0,9.716190087542874e-07,1.7709161170186994e-17,1.0,0.0,0.0,False,False,False
lokizor,1,0.0,0,1,0,1,0.0,1.0,0.0,-1.6409750293949143e-18,,,,False,False,False
lomg1967,1,0.0,1,1,1,1,1.0,1.0,0.0,7.6211591118010446e-06,1.0,0.0,0.0,False,False,False
lone-silent-gamer,3,0.0,0,3,0,3,0.0,3.0,0.0,4.178574025935716e-18,,,,False,False,False
long_ad1929,4,0.25,2,1,2,1,4.0,4.0,3.380735335596987e-05,0.0022627273112322487,4.0,0.0,0.0,False,False,False
longjumping-rise9886,1,0.0,1,1,1,1,1.0,1.0,0.0005674255011125038,-1.080694316113883e-17,1.0,0.0,0.0,False,False,False
loocifurry,1,0.0,0,1,0,1,0.0,1.0,0.0,3.592458610137994e-18,,,,False,False,False
lookingtrash,4,0.0,3,4,3,4,4.0,4.0,0.0031080030724915733,0.011043519528943436,4.0,0.0,0.0,False,False,False
lorddrama1221,1,1.0,0,1,0,1,0.0,1.0,0.0,4.509200285049261e-18,,,,False,False,False
lordofthehodors,1,0.0,3,1,3,1,3.0,1.0,0.0017511719778463013,0.0009793640386301671,3.0,0.0,0.0,False,False,False
lorisalzar,2,0.0,1,2,1,2,1.0,2.0,0.0,1.6447657631405812e-17,1.0,0.0,0.0,False,False,False
loudiamond,2,0.5,2,2,2,2,3.0,2.0,0.0008779948313854104,0.010252453106418737,3.0,0.0,0.0,False,False,False
lovecmc,4,0.0,0,4,0,4,0.0,4.0,0.0,-6.019344059866502e-18,,,,False,False,False
lower-giraffe-3236,1,0.0,0,1,0,1,0.0,1.0,0.0,1.4051323311635967e-18,,,,False,False,False
lowrads,13,0.0,5,13,5,13,5.0,13.0,0.01310396028465537,0.06571054503033937,5.0,0.0,0.0,False,False,True
lunat1cakos,1,0.0,1,1,1,1,1.0,1.0,9.317820631838181e-05,0.011806386253269626,1.0,0.0,0.0,False,False,False
luumpy,1,0.0,2,1,2,1,2.0,1.0,0.0004195740052125047,0.006679706605362497,2.0,0.0,0.0,False,False,False
lyferon,20,0.2,8,14,8,14,15.0,20.0,0.01014869861669591,0.0237817556181765,15.0,0.0,0.0,True,True,True
lylulu,2,0.0,1,2,1,2,1.0,2.0,0.00021019984885402507,0.0009343507008019548,1.0,0.0,0.0,False,False,False
m0rty-,5,0.2,4,5,4,5,4.0,5.0,0.004386309633730229,0.011123542124007785,4.0,0.0,0.0,False,False,False
m0xlive,2,0.0,2,2,2,2,2.0,2.0,0.0011885784233495419,0.052914203655307086,2.0,0.0,0.0,False,False,False
machu05,2,0.0,1,1,1,1,1.0,2.0,0.0,0.003814051108999109,1.0,0.0,0.0,False,False,False
maciascgi,1,0.0,1,1,1,1,1.0,1.0,1.6138549673979765e-05,0.008944397907125307,1.0,0.0,0.0,False,False,False
madafakto,1,0.0,1,1,1,1,1.0,1.0,0.0,0.0008771139760433722,1.0,0.0,0.0,False,False,False
madethisfordiablo,1,0.0,0,1,0,1,0.0,1.0,0.0,-6.208289077133781e-18,,,,False,False,False
majestic-sun4664,1,0.0,0,1,0,1,0.0,1.0,0.0,2.4475136752994563e-20,,,,False,False,False
major112_yt,1,0.0,0,1,0,1,0.0,1.0,0.0,2.8241687159635634e-18,,,,False,False,False
major_tom2,1,0.0,0,1,0,1,0.0,1.0,0.0,-3.3588690687523884e-18,,,,False,False,False
malaystar,1,0.0,1,1,1,1,1.0,1.0,0.0,0.046345948647865905,1.0,0.0,0.0,False,False,False
malphos101,9,0.2222222222222222,5,8,5,8,6.0,9.0,0.008723791371691988,0.010087778579460633,6.0,0.0,0.0,False,True,True
many-suggestion6046,2,0.5,1,2,1,2,1.0,2.0,5.0627611038022916e-05,0.00022674411377437785,1.0,0.0,0.0,False,False,False
marshinghost,5,0.0,0,5,0,5,0.0,5.0,0.0,5.409813198338185e-18,,,,False,False,False
master-objective2181,1,0.0,0,1,0,1,0.0,1.0,0.0,-2.930588595647109e-19,,,,False,False,False
master338vv,1,0.0,1,1,1,1,1.0,1.0,0.0,0.0529142036553071,1.0,0.0,0.0,False,False,False
mastercookie123,1,0.0,0,1,0,1,0.0,1.0,0.0,-2.7932924850920968e-18,,,,False,False,False
masterfalco,2,0.0,4,2,4,2,4.0,2.0,0.00158610027228848,0.0026680493742721016,4.0,0.0,0.0,False,False,False
matusz2233,1,0.0,0,1,0,1,0.0,1.0,0.0,2.154422814047141e-18,,,,False,False,False
maynavira,5,0.0,1,5,1,5,1.0,5.0,0.003685380833921948,0.0017719725519565713,1.0,0.0,0.0,False,False,False
melting-sabbath,2,0.0,0,2,0,2,0.0,2.0,0.0,-4.4181873650232475e-18,,,,False,False,False
menarian,2,0.0,1,1,1,1,1.0,2.0,0.0,0.0004959378804109923,1.0,0.0,0.0,False,False,False
meteora_tr,1,0.0,0,1,0,1,0.0,1.0,0.0,1.3630078484509423e-18,,,,False,False,False
mgnaywinlatt,4,0.0,6,3,6,3,7.0,4.0,0.0042922748682357,0.02880605815518325,7.0,0.0,0.0,True,False,False
migueln6,1,0.0,0,1,0,1,0.0,1.0,0.0,-2.5763637836861337e-18,,,,False,False,False
mik4179,2,0.0,3,2,3,2,3.0,2.0,0.0016601806126591342,0.06472058990857671,3.0,0.0,0.0,False,False,False
mikathou,1,0.0,0,1,0,1,0.0,1.0,0.0,4.663990191157989e-18,,,,False,False,False
mikeyfromdareddit,13,0.0,4,6,4,6,10.0,13.0,0.00917219016302805,0.058926956365745804,10.0,0.0,0.0,False,False,True
miksiko,1,0.0,4,0,4,0,4.0,0.0,0.0,0.007420208902716509,4.0,0.0,0.0,False,False,False
mill-man,1,0.0,0,1,0,1,0.0,1.0,0.0,3.768791221987628e-18,,,,False,False,False
mindfulconversion,3,0.0,1,2,1,2,1.0,3.0,0.0011612436932814385,0.007362710578063628,1.0,0.0,0.0,False,False,False
misconduxt,3,0.0,2,3,2,3,2.0,3.0,0.001658155936623366,0.0034357140688670027,2.0,0.0,0.0,False,False,False
miserable-lecture375,1,0.0,2,1,2,1,2.0,1.0,1.840884850796899e-05,0.00672860585408204,2.0,0.0,0.0,False,False,False
mistermeta,3,0.3333333333333333,2,3,2,3,5.0,3.0,7.964696104142858e-05,0.0021499783343353245,5.0,0.0,0.0,False,False,False
misterperky93,3,0.0,1,1,1,1,2.0,3.0,0.0,0.0010001486518635549,2.0,0.0,0.0,False,False,False
moist_secret996,1,0.0,0,1,0,1,0.0,1.0,0.0,-5.31946760197679e-18,,,,False,False,False
moistowletao,1,0.0,0,1,0,1,0.0,1.0,0.0,-5.100904777070135e-18,,,,False,False,False
momentz_lagrec_eve,3,0.0,1,3,1,3,1.0,3.0,0.00018690169457505568,0.011806386253269626,1.0,0.0,0.0,False,False,False
monkeybrawler,3,0.0,0,3,0,3,0.0,3.0,0.0,-8.79166894143069e-19,,,,False,False,False
montwizl,3,0.0,1,3,1,3,1.0,3.0,0.0005437081327389757,0.003665292000192193,1.0,0.0,0.0,False,False,False
morganinc,2,0.0,2,1,2,1,2.0,2.0,0.0,0.030038973944923768,2.0,0.0,0.0,False,False,False
moroax,3,0.0,1,3,1,3,1.0,3.0,0.0005683971201212581,1.4333899773154037e-17,1.0,0.0,0.0,False,False,False
most_piccolo4849,3,0.0,2,2,2,2,2.0,3.0,0.0013813777530365988,0.009244166975847993,2.0,0.0,0.0,False,False,False
mouloko94,1,0.0,0,1,0,1,0.0,1.0,0.0,-1.123865676244602e-18,,,,False,False,False
movieneat9613,1,0.0,2,1,2,1,2.0,1.0,0.0,0.023347958455935826,2.0,0.0,0.0,False,False,False
mrgforces,2,0.0,1,2,1,2,1.0,2.0,6.254702730640586e-05,0.0016242966268355619,1.0,0.0,0.0,False,False,False
mrnugzz,1,0.0,1,1,1,1,1.0,1.0,0.0,0.0031130670782678572,1.0,0.0,0.0,False,False,False
msfts01,2,0.0,1,2,1,2,1.0,2.0,2.917951911597521e-05,0.010736103829915614,1.0,0.0,0.0,False,False,False
mugen2002,2,0.5,0,2,0,2,0.0,2.0,0.0,6.664318667860848e-18,,,,False,False,False
muggyfuzzball,1,0.0,1,1,1,1,1.0,1.0,0.0,0.010321299565882267,1.0,0.0,0.0,False,False,False
mule27,1,0.0,0,1,0,1,0.0,1.0,0.0,7.50283233393936e-19,,,,False,False,False
mulfrik,1,0.0,0,1,0,1,0.0,1.0,0.0,-1.0356588849748952e-18,,,,False,False,False
mumbleth,1,0.0,0,1,0,1,0.0,1.0,0.0,-3.1750212313076378e-18,,,,False,False,False
munchymarauder,2,0.0,8,2,8,2,9.0,2.0,0.002168156609672101,0.02380628972619081,9.0,0.0,0.0,True,False,False
mundo2002,1,0.0,1,0,1,0,1.0,0.0,0.0,1.1259210692167316e-17,1.0,0.0,0.0,False,False,False
muppetx3,1,0.0,0,1,0,1,0.0,1.0,0.0,-4.333528543924454e-18,,,,False,False,False
mylogissmol,2,0.0,1,2,1,2,1.0,2.0,0.00010417494312909242,0.0014800624910530664,1.0,0.0,0.0,False,False,False
naarann,1,0.0,10,1,10,1,11.0,1.0,0.002810970167290332,0.006698448613291418,11.0,0.0,0.0,True,False,False
nathreok,6,0.0,1,4,1,4,2.0,6.0,0.0009244395162635133,0.0018029708268326218,2.0,0.0,0.0,False,False,False
nationalbreadfruit31,1,0.0,0,1,0,1,0.0,1.0,0.0,1.0864623085760034e-19,,,,False,False,False
nazori,3,0.0,15,3,15,3,15.0,3.0,0.005992172830074293,0.02929735412210295,15.0,0.0,0.0,True,False,True
neccris,1,0.0,1,1,1,1,1.0,1.0,0.0,0.018003303835322945,1.0,0.0,0.0,False,False,False
necessary-fun-545,1,0.0,1,1,1,1,1.0,1.0,0.0,0.00829024048515732,1.0,0.0,0.0,False,False,False
necroon370,1,0.0,0,1,0,1,0.0,1.0,0.0,-5.1696646263809835e-18,,,,False,False,False
negative_day2002,1,0.0,0,1,0,1,0.0,1.0,0.0,2.141423011982374e-18,,,,False,False,False
neither-analyst9157,2,0.0,1,2,1,2,1.0,2.0,0.00011444865634715417,0.018580016417829335,1.0,0.0,0.0,False,False,False
neither_structure423,2,0.0,23,2,23,2,23.0,2.0,0.0024896395339745092,0.01711090138937398,23.0,0.0,0.0,True,False,False
nemien,1,1.0,0,1,0,1,0.0,1.0,0.0,-8.865229023942356e-19,,,,False,False,False
nendys,1,0.0,1,1,1,1,1.0,1.0,0.0,0.0027110485812733066,1.0,0.0,0.0,False,False,False
nergalgamer181,1,0.0,0,1,0,1,0.0,1.0,0.0,-2.2234004009171014e-18,,,,False,False,False
neruay,1,0.0,1,1,1,1,1.0,1.0,0.0,0.0013816170434607683,1.0,0.0,0.0,False,False,False
nesnescm,1,0.0,1,1,1,1,1.0,1.0,0.0,0.002075795943210343,1.0,0.0,0.0,False,False,False
new_breadfruit5664,1,0.0,1,1,1,1,1.0,1.0,0.0005832199936901604,0.01180638625326963,1.0,0.0,0.0,False,False,False
new_refrigerator_920,1,0.0,0,1,0,1,0.0,1.0,0.0,-2.8562883534635727e-18,,,,False,False,False
newbie_8967,1,0.0,0,1,0,1,0.0,1.0,0.0,6.119853098357913e-18,,,,False,False,False
newcaramel3978,1,0.0,2,1,2,1,2.0,1.0,0.0006673036795855155,0.0019276972599327246,2.0,0.0,0.0,False,False,False
newlovealbion,18,0.1111111111111111,11,10,11,10,16.0,18.0,0.009329663274761013,0.015408439289828718,16.0,0.0,0.0,True,False,True
newmagazine3329,1,0.0,1,1,1,1,1.0,1.0,0.0,0.002708741576317581,1.0,0.0,0.0,False,False,False
newpilot232,1,0.0,2,1,2,1,2.0,1.0,0.0007961175265952716,0.05345317994072823,2.0,0.0,0.0,False,False,False
nickitty96,1,0.0,0,1,0,1,0.0,1.0,0.0,-1.2802297910440098e-18,,,,False,False,False
nijuichi21,1,0.0,1,1,1,1,1.0,1.0,0.0,0.00735013490521179,1.0,0.0,0.0,False,False,False
nikoratzu,2,0.0,0,2,0,2,0.0,2.0,0.0,5.556701514144982e-18,,,,False,False,False
nikoredito,1,0.0,9,1,9,1,9.0,1.0,0.003110713144649776,0.01581055649412193,9.0,0.0,0.0,True,False,False
nimarosiss,1,0.0,3,1,3,1,3.0,1.0,0.0016575820289348143,0.012163910503952921,3.0,0.0,0.0,False,False,False
niqqa24no,1,0.0,3,1,3,1,4.0,1.0,0.0005367650773869943,0.01768954367636891,4.0,0.0,0.0,False,False,False
no-thanks-4196,1,0.0,0,1,0,1,0.0,1.0,0.0,-2.9999562767690646e-18,,,,False,False,False
no_anywhere_7658,2,0.0,1,2,1,2,1.0,2.0,0.0013942732775624024,0.0015217853351322467,1.0,0.0,0.0,False,False,False
no_entertainment6792,1,0.0,1,1,1,1,1.0,1.0,0.0,0.0002720723647984492,1.0,0.0,0.0,False,False,False
no_two_3876,1,0.0,0,1,0,1,0.0,1.0,0.0,-1.584501463136506e-18,,,,False,False,False
no_young_6070,16,0.0,10,14,10,14,10.0,16.0,0.014819664177946975,0.08277017727565283,10.0,0.0,0.0,True,False,True
noarmadillo7796,1,0.0,0,1,0,1,0.0,1.0,0.0,8.308945089134697e-19,,,,False,False,False
noeffingvalue,4,0.25,4,4,4,4,4.0,4.0,0.004735093966164729,0.04072177725281774,4.0,0.0,0.0,False,False,False
nomodsnomaster,4,0.0,1,2,1,2,2.0,4.0,3.886476035017149e-06,-6.323861118409684e-18,2.0,0.0,0.0,False,False,False
nonethelessmatters,2,0.5,0,2,0,2,0.0,2.0,0.0,3.3350001812247033e-18,,,,False,False,False
nonsatanicgoat,1,0.0,1,1,1,1,1.0,1.0,3.4006665306400056e-06,0.000963666244683566,1.0,0.0,0.0,False,False,False
nooneimportant4637,5,0.0,11,5,11,5,12.0,5.0,0.006292897789299657,0.003964122832288498,12.0,0.0,0.0,True,False,True
nosubtitt,1,0.0,1,1,1,1,1.0,1.0,0.0,0.005488961866869553,1.0,0.0,0.0,False,False,False
not_a_engineer26,2,0.0,1,1,1,1,1.0,2.0,0.0,0.007315535271684092,1.0,0.0,0.0,False,False,False
not_joining_ur-cult,1,0.0,0,1,0,1,0.0,1.0,0.0,1.6008891689300108e-18,,,,False,False,False
not_waargh,2,0.5,0,2,0,2,0.0,2.0,0.0,1.2790175141712178e-19,,,,False,False,False
notberti,9,0.0,3,5,3,5,6.0,9.0,0.0031671678852571083,0.027649620321697228,6.0,0.0,0.0,False,False,False
notsonsusup,1,0.0,0,1,0,1,0.0,1.0,0.0,4.004232062205166e-18,,,,False,False,False
nova_tank,1,1.0,2,1,2,1,2.0,1.0,0.001167982859911621,0.00019038537035198294,2.0,0.0,0.0,False,False,False
nschwerte,5,0.0,2,5,2,5,2.0,5.0,0.0023153549790096268,0.0006066826447776761,2.0,0.0,0.0,False,False,False
nuffsaid19770265,1,0.0,0,1,0,1,0.0,1.0,0.0,-1.3432090849503915e-18,,,,False,False,False
nulldev99,3,0.6666666666666666,3,3,3,3,3.0,3.0,0.001787871320896649,0.012052526605560842,3.0,0.0,0.0,False,False,False
nullpointer55,1,0.0,0,1,0,1,0.0,1.0,0.0,-9.688071485467009e-19,,,,False,False,False
nvidiastock,1,0.0,0,1,0,1,0.0,1.0,0.0,4.577753904122493e-18,,,,False,False,False
nyxius437,1,0.0,0,1,0,1,0.0,1.0,0.0,-3.584749160859746e-18,,,,False,False,False
obelist,2,0.0,2,1,2,1,2.0,2.0,0.0005654822630949952,0.007501479630380674,2.0,0.0,0.0,False,False,False
objective_bend4609,3,0.0,4,2,4,2,4.0,3.0,0.0005090892119548225,0.013749265155838216,4.0,0.0,0.0,False,False,False
objective_pomelo_880,3,0.3333333333333333,1,2,1,2,1.0,2.0,0.0005674255011125037,9.340793176501596e-18,1.0,0.0,0.0,False,False,False
ohmane,1,0.0,1,1,1,1,1.0,1.0,1.7246237405388602e-05,0.0033211449481851114,1.0,0.0,0.0,False,False,False
ohyperxd,1,0.0,0,1,0,1,0.0,1.0,0.0,-4.183576161843854e-19,,,,False,False,False
ok-piece4435,3,0.0,1,1,1,1,2.0,3.0,0.0,0.025701195767274528,2.0,0.0,0.0,False,False,False
ok-sandwich-6685,1,1.0,0,1,0,1,0.0,1.0,0.0,-6.416994996702326e-19,,,,False,False,False
ok_badger233,1,0.0,1,1,1,1,1.0,1.0,0.0,0.0013916283972608932,1.0,0.0,0.0,False,False,False
old-dog2319,1,0.0,0,1,0,1,0.0,1.0,0.0,-4.11690879266921e-18,,,,False,False,False
old-two-8730,1,0.0,1,1,1,1,1.0,1.0,0.0,0.04634594864786592,1.0,0.0,0.0,False,False,False
old_shake3789,2,0.0,0,2,0,2,0.0,2.0,0.0,1.8441548257326263e-18,,,,False,False,False
olethros90,1,0.0,0,1,0,1,0.0,1.0,0.0,-3.4843654948398355e-18,,,,False,False,False
olko78,5,0.0,4,3,4,3,5.0,5.0,0.0013352386202529114,0.00280539579359374,5.0,0.0,0.0,False,False,False
omegageoff,1,0.0,1,1,1,1,1.0,1.0,0.0,0.002713769539719992,1.0,0.0,0.0,False,False,False
onematerial431,2,0.0,1,2,1,2,2.0,2.0,0.00014994816535061282,8.222100697876428e-18,2.0,0.0,0.0,False,False,False
oobiedoobielol,8,0.125,3,4,3,4,5.0,6.0,0.004803432947876525,0.010147390750175024,5.0,0.0,0.0,False,False,False
oodamah,1,1.0,0,1,0,1,0.0,1.0,0.0,-8.866389289532952e-20,,,,False,False,False
oooeeeoooee,2,0.0,2,2,2,2,2.0,2.0,0.0014810299385604722,0.011278213765981943,2.0,0.0,0.0,False,False,False
opposite_athlete7443,1,0.0,2,1,2,1,2.0,1.0,6.152887110126162e-05,0.0004437745335107493,2.0,0.0,0.0,False,False,False
ormalll,1,0.0,1,1,1,1,1.0,1.0,0.0,0.025701195767274535,1.0,0.0,0.0,False,False,False
orphanmeatman,1,0.0,0,1,0,1,0.0,1.0,0.0,3.8266097720327306e-18,,,,False,False,False
over_distribution353,1,0.0,0,1,0,1,0.0,1.0,0.0,-2.7580683687058774e-18,,,,False,False,False
owlsfowl,2,0.0,1,1,1,1,1.0,2.0,0.0,0.0017719725519565745,1.0,0.0,0.0,False,False,False
own-respond-569,2,0.0,4,2,4,2,4.0,2.0,0.0014353454558034666,0.005763619740832526,4.0,0.0,0.0,False,False,False
p1101,1,0.0,0,1,0,1,0.0,1.0,0.0,5.8406970678676995e-19,,,,False,False,False
pacienciaa,1,0.0,0,1,0,1,0.0,1.0,0.0,-2.6478371249529916e-18,,,,False,False,False
pack_your_trash,4,0.0,1,4,1,4,1.0,4.0,0.002091618887455436,0.04634594864786592,1.0,0.0,0.0,False,False,False
paletoebean,1,0.0,0,1,0,1,0.0,1.0,0.0,-3.508062512196859e-18,,,,False,False,False
parking-afternoon-30,4,0.0,8,2,8,2,10.0,4.0,0.0031689736294499785,0.014344984983866495,10.0,0.0,0.0,True,False,False
parryandrepost,3,0.0,2,2,2,2,3.0,3.0,0.0008297626334761614,0.007431856144316166,3.0,0.0,0.0,False,False,False
past-home-3811,3,0.0,1,2,1,2,1.0,2.0,9.86852256272491e-06,0.0013816170434607727,1.0,0.0,0.0,False,False,False
pattycorn,2,0.0,0,2,0,2,0.0,2.0,0.0,-2.7418037973501837e-18,,,,False,False,False
pdx_umber,2,0.0,1,2,1,2,1.0,2.0,0.0017311167862440202,0.0027110485812733166,1.0,0.0,0.0,False,False,False
peak_southern,1,0.0,0,1,0,1,0.0,1.0,0.0,-1.917717342309127e-18,,,,False,False,False
performanceprize1649,1,0.0,0,1,0,1,0.0,1.0,0.0,-3.821415388866096e-18,,,,False,False,False
perpetualbeats,3,0.0,1,2,1,2,2.0,3.0,0.0011253714885626743,0.00025870418472451564,2.0,0.0,0.0,False,False,False
philefluxx,1,0.0,1,1,1,1,1.0,1.0,0.0008326774905024243,3.597779167554374e-05,1.0,0.0,0.0,False,False,False
philosophyefficient,2,0.0,1,1,1,1,1.0,2.0,0.0,0.0027405165000639457,1.0,0.0,0.0,False,False,False
physical_ad_6469,1,0.0,1,1,1,1,1.0,1.0,9.716190087542874e-07,-3.845107685761307e-19,1.0,0.0,0.0,False,False,False
physical_employer724,2,0.0,0,1,0,1,0.0,2.0,0.0,-4.200151459064431e-18,,,,False,False,False
pineapple3607,2,0.0,18,2,18,2,22.0,2.0,0.0011639098668156367,0.09898078311393589,22.0,0.0,0.0,True,False,False
pjonathan24,1,0.0,0,1,0,1,0.0,1.0,0.0,5.744626244267076e-18,,,,False,False,False
plastic_owl8684,2,0.0,1,1,1,1,2.0,2.0,0.0,0.0017946521206355617,2.0,0.0,0.0,False,False,False
plenesian,1,0.0,0,1,0,1,0.0,1.0,0.0,2.5699271639354657e-19,,,,False,False,False
plus-ad-7494,4,0.0,3,2,3,2,4.0,4.0,0.0008142733763315429,0.014317777573230366,4.0,0.0,0.0,False,False,False
plus-kaleidoscope534,10,0.0,3,5,3,5,7.0,10.0,0.0034327425410175683,0.07986542577383855,7.0,0.0,0.0,False,False,False
pohateoes,2,0.0,0,2,0,2,0.0,2.0,0.0,-2.8170773349742896e-18,,,,False,False,False
poisondust01,1,0.0,0,1,0,1,0.0,1.0,0.0,4.467929751918854e-18,,,,False,False,False
porridgewithrice,1,1.0,0,1,0,1,0.0,1.0,0.0,4.64062871660643e-18,,,,False,False,False
poseidonsconsigliere,1,0.0,0,1,0,1,0.0,1.0,0.0,-1.4116427095263444e-18,,,,False,False,False
potato_solid,1,0.0,1,1,1,1,1.0,1.0,0.0,5.710349979464692e-05,1.0,0.0,0.0,False,False,False
practical-ocelot-237,44,0.0909090909090909,24,34,24,34,37.0,44.0,0.0736072681495985,0.20543439205276195,37.0,0.0,0.0,True,False,True
prawntortilla,4,0.0,3,4,3,4,3.0,4.0,0.0019857054699326496,0.019413740025320092,3.0,0.0,0.0,False,False,False
precisamente,1,0.0,0,1,0,1,0.0,1.0,0.0,-5.888727161029638e-18,,,,False,False,False
predator1975,1,0.0,1,1,1,1,1.0,1.0,0.0005693687391300124,-1.0981740297042135e-17,1.0,0.0,0.0,False,False,False
prededicius,1,0.0,1,1,1,1,1.0,1.0,0.0,0.0013645795292267762,1.0,0.0,0.0,False,False,False
prestigious-cod5902,2,0.0,0,2,0,2,0.0,2.0,0.0,3.593922172296341e-18,,,,False,False,False
proastroshan,2,0.0,0,2,0,2,0.0,2.0,0.0,4.2060620377421444e-18,,,,False,False,False
probablymissclicked,1,0.0,0,1,0,1,0.0,1.0,0.0,-3.863094972197644e-19,,,,False,False,False
professional_buy8470,6,0.1666666666666666,11,5,11,5,11.0,6.0,0.007351336018970997,0.009374546892013953,11.0,0.0,0.0,True,False,True
profileok5072,2,0.0,3,2,3,2,4.0,2.0,0.001129684250702282,0.009142611060241682,4.0,0.0,0.0,False,False,False
prollypunk,5,0.2,1,5,1,5,1.0,5.0,0.0008481458935718966,0.006679706605362504,1.0,0.0,0.0,False,False,False
prongedsnuffleupagus,11,0.1818181818181818,4,11,4,11,6.0,11.0,0.007345452310075928,0.08250004866354553,6.0,0.0,0.0,False,False,True
proof_dot2026,1,0.0,1,1,1,1,1.0,1.0,0.0,0.0014800624910530661,1.0,0.0,0.0,False,False,False
prophet212,1,0.0,0,1,0,1,0.0,1.0,0.0,-5.9492420643828876e-18,,,,False,False,False
prusafiix,1,0.0,0,1,0,1,0.0,1.0,0.0,2.1425481335211824e-18,,,,False,False,False
psyker101,1,0.0,0,1,0,1,0.0,1.0,0.0,-4.012113092600451e-18,,,,False,False,False
public_ad5547,3,0.0,1,3,1,3,1.0,3.0,0.0012352606268528075,0.0015646758847716277,1.0,0.0,0.0,False,False,False
pueraeternus15,1,0.0,1,1,1,1,1.0,1.0,0.0,0.0015005426773367734,1.0,0.0,0.0,False,False,False
puppypunch,1,0.0,0,1,0,1,0.0,1.0,0.0,-2.0898725465106703e-18,,,,False,False,False
purpletaste,3,0.0,0,3,0,3,0.0,3.0,0.0,-3.923532954671053e-18,,,,False,False,False
puzzleheaded-net6579,2,0.0,1,1,1,1,1.0,2.0,0.0,0.0005582305457945819,1.0,0.0,0.0,False,False,False
puzzleheaded-run5566,5,0.0,1,2,1,2,2.0,5.0,0.00010236657265689243,0.002713769539719985,2.0,0.0,0.0,False,False,False
queasy_masterpiece38,1,0.0,0,1,0,1,0.0,1.0,0.0,-4.255995631637894e-18,,,,False,False,False
quiet_you_4774,2,0.0,11,1,11,1,11.0,1.0,0.001994870909282382,0.006076340789226595,11.0,0.0,0.0,True,False,False
qukab,1,0.0,1,1,1,1,1.0,1.0,0.0,0.04634594864786591,1.0,0.0,0.0,False,False,False
radiant_efficiency25,1,0.0,2,1,2,1,2.0,1.0,2.1715684845658324e-05,0.009585264014538042,2.0,0.0,0.0,False,False,False
rainbolt,2,0.5,0,2,0,2,0.0,2.0,0.0,4.399227049040537e-18,,,,False,False,False
ranma-fan,1,0.0,0,1,0,1,0.0,1.0,0.0,-5.196723768270574e-18,,,,False,False,False
razriverblade,1,0.0,1,1,1,1,1.0,1.0,0.0,-7.012579493055516e-18,1.0,0.0,0.0,False,False,False
real_ad7355,1,0.0,1,1,1,1,1.0,1.0,0.0,0.010736103829915604,1.0,0.0,0.0,False,False,False
real_life_sushiroll,2,0.0,2,2,2,2,2.0,2.0,0.0005674255011125039,0.005250058765385029,2.0,0.0,0.0,False,False,False
realbuniu,6,0.0,2,4,2,4,2.0,6.0,0.0028233183039063636,0.05860255104111516,2.0,0.0,0.0,False,False,False
realzane,3,0.0,2,3,2,3,2.0,3.0,0.002423117577897452,0.005688347385808082,2.0,0.0,0.0,False,False,False
reasonable_director6,1,0.0,0,1,0,1,0.0,1.0,0.0,1.0083433099442908e-18,,,,False,False,False
reayn111,4,0.0,9,1,9,1,11.0,3.0,0.0035379481012099362,0.004317467182304389,11.0,0.0,0.0,True,False,False
redditisntreality77,2,0.0,0,2,0,2,0.0,2.0,0.0,-2.6159840273297347e-18,,,,False,False,False
redituserza,1,0.0,0,1,0,1,0.0,1.0,0.0,-5.417692378297712e-18,,,,False,False,False
redraveni,4,0.0,29,4,29,4,30.0,4.0,0.02233340214390509,0.14390372385163683,30.0,0.0,0.0,True,False,True
regretfu77,1,0.0,0,1,0,1,0.0,1.0,0.0,2.337288583327347e-18,,,,False,False,False
relativeno9567,4,0.0,4,4,4,4,4.0,4.0,0.0015176631153128372,0.042768462983225654,4.0,0.0,0.0,False,False,False
remarkable_body_9571,1,0.0,1,1,1,1,1.0,1.0,0.0,0.04634594864786592,1.0,0.0,0.0,False,False,False
remarkable_mail_554,1,0.0,1,1,1,1,1.0,1.0,0.0005683971201212581,-2.7653830401459655e-18,1.0,0.0,0.0,False,False,False
repulsive-whole-4101,1,0.0,0,1,0,1,0.0,1.0,0.0,2.1870002545483446e-18,,,,False,False,False
resident_ocelot_7997,4,0.0,2,4,2,4,3.0,4.0,0.0007287426057501225,0.0010636455056279275,3.0,0.0,0.0,False,False,False
resonance_za,12,0.0,6,8,6,8,11.0,12.0,0.012788682294251317,0.08796436372215728,11.0,0.0,0.0,True,False,True
responsible_survey,6,0.1666666666666666,1,3,1,3,3.0,6.0,7.518557537504108e-05,6.219187313996931e-19,3.0,0.0,0.0,False,False,False
retro_lawyer,1,0.0,0,1,0,1,0.0,1.0,0.0,-1.9183320679798753e-18,,,,False,False,False
rexist_08,1,0.0,0,1,0,1,0.0,1.0,0.0,-1.5309541354147316e-18,,,,False,False,False
rexzerno,2,0.0,1,1,1,1,1.0,2.0,0.0,0.0012826494227665519,1.0,0.0,0.0,False,False,False
rezzx69,5,0.0,2,4,2,4,2.0,5.0,0.0014125000266698331,0.0031559604005998378,2.0,0.0,0.0,False,False,False
rggamingytb,1,0.0,0,1,0,1,0.0,1.0,0.0,-3.431989311168247e-20,,,,False,False,False
ribshifter,2,0.0,1,2,1,2,1.0,2.0,3.886476035017149e-06,0.006725175605709898,1.0,0.0,0.0,False,False,False
ridenarrow5007,1,0.0,2,1,2,1,2.0,1.0,0.0,0.0071386979809522156,2.0,0.0,0.0,False,False,False
riiiooh,1,0.0,0,1,0,1,0.0,1.0,0.0,-2.9399578917187545e-18,,,,False,False,False
rikiyadeservedbetter,3,0.0,4,3,4,3,5.0,3.0,0.0015992183512658117,0.015025029930207778,5.0,0.0,0.0,False,False,False
river-sturgeon,1,1.0,0,1,0,1,0.0,1.0,0.0,4.853547894073317e-18,,,,False,False,False
rixxed,1,0.0,0,1,0,1,0.0,1.0,0.0,4.694306482584689e-19,,,,False,False,False
robynthecookiejar,2,0.0,5,2,5,2,5.0,2.0,0.0009698924571982559,0.010907335539278595,5.0,0.0,0.0,False,False,False
roguewarriorii,1,0.0,0,1,0,1,0.0,1.0,0.0,-1.5083546989914836e-18,,,,False,False,False
rotz77,1,0.0,0,1,0,1,0.0,1.0,0.0,1.7741574341871764e-18,,,,False,False,False
round-bet-9552,2,0.0,3,1,3,1,4.0,2.0,0.00127478002810835,0.05413410000020506,4.0,0.0,0.0,False,False,False
royal_ad_4163,1,0.0,0,1,0,1,0.0,1.0,0.0,3.882060937749723e-18,,,,False,False,False
rumforron,1,0.0,0,1,0,1,0.0,1.0,0.0,-4.345846076092773e-18,,,,False,False,False
russian_bot1337,4,0.0,3,4,3,4,3.0,4.0,0.0014779156219052133,0.007670815897759498,3.0,0.0,0.0,False,False,False
rusty-jigsaw_19,19,0.1578947368421052,7,14,7,14,10.0,18.0,0.010858547314799396,0.043874283295291146,10.0,0.0,0.0,True,False,True
rymaster101,1,0.0,0,1,0,1,0.0,1.0,0.0,4.321795702567914e-18,,,,False,False,False
sa_dagon,2,0.0,1,2,1,2,1.0,2.0,0.0004480874586976154,0.005108919006199197,1.0,0.0,0.0,False,False,False
sa_going_ham,1,0.0,0,1,0,1,0.0,1.0,0.0,2.7827363015565147e-18,,,,False,False,False
sabayonte,1,0.0,0,1,0,1,0.0,1.0,0.0,-3.0297558146201877e-18,,,,False,False,False
sabishii-otoko,1,0.0,0,1,0,1,0.0,1.0,0.0,-4.096311679769331e-18,,,,False,False,False
saca72,1,0.0,0,1,0,1,0.0,1.0,0.0,-2.642314251226596e-18,,,,False,False,False
sad-ad-9863,1,0.0,0,1,0,1,0.0,1.0,0.0,-4.033445906410211e-18,,,,False,False,False
sad-ad2491,8,0.0,4,7,4,7,5.0,8.0,0.006070810517508234,0.07750615893429844,5.0,0.0,0.0,False,False,True
sad-helicopter-71,6,0.0,15,5,15,5,18.0,6.0,0.011794409180645348,0.09519622160652622,18.0,0.0,0.0,True,False,True
sadclassroom4175,1,0.0,0,1,0,1,0.0,1.0,0.0,2.630380533477773e-18,,,,False,False,False
sadhoeshow,1,0.0,0,1,0,1,0.0,1.0,0.0,-2.7904069289062846e-19,,,,False,False,False
safdiebrother2112,1,0.0,0,1,0,1,0.0,1.0,0.0,2.9091892467227656e-19,,,,False,False,False
samuel_janato,1,0.0,0,1,0,1,0.0,1.0,0.0,3.73058507025088e-18,,,,False,False,False
sanaxxao,1,0.0,0,1,0,1,0.0,1.0,0.0,-2.0409182539237957e-18,,,,False,False,False
sarcasmhots,1,0.0,0,1,0,1,0.0,1.0,0.0,4.15546267698339e-18,,,,False,False,False
saronyogg,2,0.0,1,2,1,2,2.0,2.0,0.0,0.005108919006199206,2.0,0.0,0.0,False,False,False
savings_apple_3136,8,0.125,5,6,5,6,8.0,8.0,0.003515012329862856,0.04035532401149673,8.0,0.0,0.0,False,False,False
scaredbookkeeper8442,2,0.0,0,2,0,2,0.0,2.0,0.0,-1.3444237780917608e-18,,,,False,False,False
scarletbegonia__,2,0.0,1,1,1,1,1.0,2.0,0.0,0.00548896186686955,1.0,0.0,0.0,False,False,False
sea_huckleberry2463,1,0.0,1,1,1,1,1.0,1.0,0.0,7.621159111789772e-06,1.0,0.0,0.0,False,False,False
sea_monitor6860,2,0.0,1,2,1,2,1.0,2.0,9.716190087542874e-07,-5.234054740013086e-18,1.0,0.0,0.0,False,False,False
sea_oven9942,6,0.0,4,5,4,5,6.0,6.0,0.0033231488377623362,0.015244330401649261,6.0,0.0,0.0,False,False,False
seaworthinessfresh4,2,0.0,1,2,1,2,1.0,2.0,0.0002075217892932452,0.0005971870553474194,1.0,0.0,0.0,False,False,False
senseiswift,2,0.0,2,2,2,2,3.0,2.0,0.0013962165155799108,0.011994114027193093,3.0,0.0,0.0,False,False,False
sfthomps,3,0.0,1,3,1,3,1.0,3.0,5.700164851358486e-06,0.010321299565882265,1.0,0.0,0.0,False,False,False
shadefox,3,0.0,1,2,1,2,2.0,3.0,3.6681316522165333e-05,0.0006780456638068972,2.0,0.0,0.0,False,False,False
sharpmoney56,4,0.0,3,4,3,4,3.0,4.0,0.0006068237193006594,0.008102364225635818,3.0,0.0,0.0,False,False,False
shittheinternetsays,1,0.0,1,1,1,1,1.0,1.0,0.0,0.007895544372461795,1.0,0.0,0.0,False,False,False
shrimpfriedmyrice,2,0.0,1,1,1,1,2.0,2.0,0.0,0.002487987150169966,2.0,0.0,0.0,False,False,False
signal-confusion-461,1,1.0,0,1,0,1,0.0,1.0,0.0,1.5144037316567105e-18,,,,False,False,False
significant-stand151,5,0.0,3,5,3,5,3.0,5.0,0.0013565331494981411,0.0017347641230088696,3.0,0.0,0.0,False,False,False
significant_draw_985,1,0.0,1,1,1,1,1.0,1.0,0.0005683971201212581,1.0639659231022896e-17,1.0,0.0,0.0,False,False,False
significantweb5521,2,0.0,13,2,13,2,14.0,2.0,0.006618811104844147,0.026450574060456183,14.0,0.0,0.0,True,False,True
silent_hunter--mmg,14,0.0,5,12,5,12,6.0,14.0,0.007988199987121239,0.013119143633421145,6.0,0.0,0.0,False,False,True
silentnj,5,0.2,2,4,2,4,3.0,5.0,0.0009064207853470557,0.07149422007313644,3.0,0.0,0.0,False,False,False
silfrost,1,0.0,1,1,1,1,1.0,1.0,9.716190087542874e-07,4.5010587462222446e-06,1.0,0.0,0.0,False,False,False
silly_rent_7814,1,0.0,1,1,1,1,1.0,1.0,0.0,0.052914203655307086,1.0,0.0,0.0,False,False,False
silvfold,1,0.0,0,1,0,1,0.0,1.0,0.0,-1.4366415164007856e-18,,,,False,False,False
similar_purchase5820,2,0.0,1,2,1,2,1.0,2.0,0.00027472924677553613,0.0001950337575248863,1.0,0.0,0.0,False,False,False
siokz,1,0.0,1,1,1,1,1.0,1.0,0.0,0.002487987150169974,1.0,0.0,0.0,False,False,False
sir_buttwut,1,1.0,0,1,0,1,0.0,1.0,0.0,-5.698952632125784e-18,,,,False,False,False
sirdecros,1,0.0,1,1,1,1,1.0,1.0,3.1580071367869784e-05,0.0009636662446835759,1.0,0.0,0.0,False,False,False
sirozzyferguson,8,0.0,9,7,9,7,9.0,8.0,0.013951719977842355,0.0025389243184672874,9.0,0.0,0.0,True,False,True
sk3l3tal3,1,0.0,2,1,2,1,2.0,1.0,0.00032911011047599584,0.0018460660264148065,2.0,0.0,0.0,False,False,False
slkjh,1,0.0,1,1,1,1,1.0,1.0,0.0,0.00031763615768124436,1.0,0.0,0.0,False,False,False
smart_cucumber_7113,1,0.0,1,1,1,1,1.0,1.0,0.0,0.0033211449481851093,1.0,0.0,0.0,False,False,False
smurfin4k,2,0.0,2,2,2,2,3.0,2.0,0.0013127684669188746,0.004692867020014252,3.0,0.0,0.0,False,False,False
sn1rp,3,0.3333333333333333,0,3,0,3,0.0,3.0,0.0,5.2075421652437066e-18,,,,False,False,False
sneezeanditsgone,5,0.0,14,5,14,5,15.0,5.0,0.006368073701646822,0.14385606976227783,15.0,0.0,0.0,True,False,True
snikigargoyle,1,0.0,1,1,1,1,1.0,1.0,0.0,0.025701195767274514,1.0,0.0,0.0,False,False,False
snoolemons2684,5,0.6,2,3,2,3,2.0,5.0,0.0014949051335468413,0.04680450082260097,2.0,0.0,0.0,False,False,False
snowfyst,1,0.0,1,1,1,1,1.0,1.0,0.0,-1.0627601959699673e-18,1.0,0.0,0.0,False,False,False
sochai777,1,0.0,3,1,3,1,3.0,1.0,6.15358705544382e-06,0.0006720453450560156,3.0,0.0,0.0,False,False,False
soelent,2,0.5,1,1,1,1,2.0,2.0,0.0,0.01858001641782934,2.0,0.0,0.0,False,False,False
solid-mazapan9601,3,0.0,1,2,1,2,1.0,3.0,2.6374829330494353e-05,-2.1517887744690043e-19,1.0,0.0,0.0,False,False,False
spez-is-dick-sucker,3,0.0,1,1,1,1,1.0,1.0,1.2024941922630444e-05,0.0011386221896897023,1.0,0.0,0.0,False,False,False
spicysauceao,2,0.0,3,2,3,2,3.0,2.0,0.0009191261867422114,0.005585170848436573,3.0,0.0,0.0,False,False,False
spoowy,1,0.0,0,1,0,1,0.0,1.0,0.0,3.4171093964832377e-18,,,,False,False,False
sprien,1,0.0,0,1,0,1,0.0,1.0,0.0,-6.122155603054377e-19,,,,False,False,False
squary93,2,0.5,1,2,1,2,1.0,2.0,0.0008392632803102971,0.007350134905211794,1.0,0.0,0.0,False,False,False
squidfz6r,1,0.0,0,1,0,1,0.0,1.0,0.0,-2.5868752831031268e-18,,,,False,False,False
stargamerpt,2,0.0,1,1,1,1,1.0,2.0,0.0,0.0013934308535267013,1.0,0.0,0.0,False,False,False
steelrage24,1,0.0,1,1,1,1,1.0,1.0,0.0,0.002975254292744016,1.0,0.0,0.0,False,False,False
steven5221,1,0.0,0,1,0,1,0.0,1.0,0.0,-3.160837177179266e-18,,,,False,False,False
still_inflation_8645,4,0.0,4,3,4,3,5.0,4.0,0.0025009473285335358,0.0011947202488553044,5.0,0.0,0.0,False,False,False
straightarrival5096,3,0.0,0,3,0,3,0.0,3.0,0.0,-2.1510640687882082e-18,,,,False,False,False
strange_process_2180,5,0.2,3,4,3,4,4.0,5.0,0.0033343519930143168,0.01405905713771877,4.0,0.0,0.0,False,False,False
strict-pineapple8956,14,0.1428571428571428,5,6,5,6,13.0,14.0,0.0040306762311141065,0.014988499150006069,13.0,0.0,0.0,False,False,False
striking_aspect_7826,7,0.1428571428571428,1,6,1,6,1.0,7.0,0.003117857937033065,0.016011459075402485,1.0,0.0,0.0,False,False,False
strugglenorth1217,14,0.0714285714285714,4,13,4,13,5.0,14.0,0.01342388407831977,0.01250674256786778,5.0,0.0,0.0,False,False,True
substancespecial1871,1,0.0,0,1,0,1,0.0,1.0,0.0,4.1439426148816e-18,,,,False,False,False
successful_world9811,1,0.0,0,1,0,1,0.0,1.0,0.0,-4.669864283211556e-18,,,,False,False,False
such-carrot-9926,1,0.0,1,1,1,1,1.0,1.0,0.0,0.05291420365530709,1.0,0.0,0.0,False,False,False
sudodamage,2,0.0,3,2,3,2,3.0,2.0,0.0005009955082826511,0.009191068191344843,3.0,0.0,0.0,False,False,False
sumitrando,1,0.0,0,1,0,1,0.0,1.0,0.0,-1.5163005373615452e-18,,,,False,False,False
sunnywyy,2,0.0,1,1,1,1,1.0,1.0,0.0,0.0027087415763175846,1.0,0.0,0.0,False,False,False
superduperhigher,4,0.0,2,2,2,2,4.0,4.0,2.8696430361156645e-05,0.07149422007313642,4.0,0.0,0.0,False,False,False
swagmastersunite,1,0.0,1,1,1,1,1.0,1.0,8.688510204235856e-05,0.0004905644132438973,1.0,0.0,0.0,False,False,False
sweatysmith,3,0.0,1,3,1,3,1.0,3.0,0.0004041047951355498,0.011806386253269628,1.0,0.0,0.0,False,False,False
swimming-ad-4607,1,1.0,0,1,0,1,0.0,1.0,0.0,-2.5595236539056707e-19,,,,False,False,False
systemweird2838,1,0.0,0,1,0,1,0.0,1.0,0.0,3.947758363005551e-18,,,,False,False,False
t3ilight,17,0.1176470588235294,19,16,19,16,22.0,17.0,0.030991002245807364,0.05885150189746734,22.0,0.0,0.0,True,False,True
t666ommy,2,0.0,1,2,1,2,1.0,2.0,0.0005683971201212581,-4.846004094413712e-18,1.0,0.0,0.0,False,False,False
takemybomb,1,1.0,1,1,1,1,1.0,1.0,0.0,0.011806386253269624,1.0,0.0,0.0,False,False,False
talnarian,1,0.0,1,1,1,1,2.0,1.0,0.0,1.040890626347069e-17,2.0,0.0,0.0,False,False,False
tanrubnairda,1,0.0,0,1,0,1,0.0,1.0,0.0,1.0831804632122496e-18,,,,False,False,False
taraskhu,33,0.0303030303030303,6,28,6,28,10.0,33.0,0.020855226975068752,0.00910121690192063,10.0,0.0,0.0,True,False,True
tarubaha,7,0.0,3,7,3,7,3.0,7.0,0.0050754355879645465,0.0045471639931079395,3.0,0.0,0.0,False,False,False
taubsenlive,1,0.0,0,1,0,1,0.0,1.0,0.0,-8.582756723394372e-19,,,,False,False,False
taxxcert,2,0.0,3,2,3,2,3.0,2.0,5.829714052525724e-06,7.567199283260656e-18,3.0,0.0,0.0,False,False,False
technical-wafer4146,3,0.0,12,2,12,2,13.0,2.0,0.004345493977506213,0.02522617282520994,13.0,0.0,0.0,True,False,False
technical_editor_197,1,0.0,0,1,0,1,0.0,1.0,0.0,-1.036143413765904e-18,,,,False,False,False
tehconsole,1,0.0,1,1,1,1,1.0,1.0,0.0,0.0013934308535267011,1.0,0.0,0.0,False,False,False
temporary-hawk2452,2,0.0,1,2,1,2,1.0,2.0,0.000333944331670743,0.0036038276382647496,1.0,0.0,0.0,False,False,False
temporary-library766,12,0.25,7,7,7,7,17.0,12.0,0.00807813119440484,0.011137949488961532,17.0,0.0,0.0,True,True,True
that-living-7257,2,0.0,1,2,1,2,1.0,2.0,0.0005683971201212581,1.6395253871628442e-17,1.0,0.0,0.0,False,False,False
the_empire_3000,1,1.0,0,1,0,1,0.0,1.0,0.0,3.1680762717470815e-18,,,,False,False,False
the_red_moses,15,0.0,30,11,30,11,36.0,15.0,0.021786093902732378,0.053392125331022396,36.0,0.0,0.0,True,False,True
thebamboom,1,0.0,0,1,0,1,0.0,1.0,0.0,4.592479594418494e-18,,,,False,False,False
theberrymelon,2,0.0,2,2,2,2,2.0,2.0,0.00086069828870132,0.006296399240929119,2.0,0.0,0.0,False,False,False
thecelestialdawn,9,0.3333333333333333,5,7,5,7,7.0,9.0,0.006070637424613778,0.004099644335314943,7.0,0.0,0.0,False,True,True
thecrookedcourt,1,0.0,0,1,0,1,0.0,1.0,0.0,1.3129870779093918e-18,,,,False,False,False
thedemonneverleft,1,0.0,0,1,0,1,0.0,1.0,0.0,5.2759930397554826e-18,,,,False,False,False
theepsilonking,1,0.0,1,1,1,1,1.0,1.0,0.0,0.006839813066690037,1.0,0.0,0.0,False,False,False
thefappingwither,1,1.0,0,1,0,1,0.0,1.0,0.0,-4.1183261566042535e-18,,,,False,False,False
thegodssin,2,0.0,1,2,1,2,1.0,2.0,0.00011319894430681771,0.00431864037760808,1.0,0.0,0.0,False,False,False
thegoodguy57,2,0.5,1,2,1,2,1.0,2.0,0.00010786012017539116,0.0019276972599327135,1.0,0.0,0.0,False,False,False
thehumblekinglasquet,2,0.5,2,2,2,2,2.0,2.0,0.0006779062079923982,0.02570119576727453,2.0,0.0,0.0,False,False,False
themoverofplanets,3,0.0,0,3,0,3,0.0,3.0,0.0,2.638522669933703e-18,,,,False,False,False
then_rabbit_2889,1,0.0,0,1,0,1,0.0,1.0,0.0,-2.0580148490799042e-18,,,,False,False,False
thenagash,2,0.0,0,2,0,2,0.0,2.0,0.0,2.7308360138815e-18,,,,False,False,False
therealhaxxo,1,1.0,1,1,1,1,1.0,1.0,0.0,0.003459149647135207,1.0,0.0,0.0,False,False,False
therem,1,0.0,1,1,1,1,1.0,1.0,0.0,0.0024879871501699703,1.0,0.0,0.0,False,False,False
therighteousrogue,6,0.0,2,6,2,6,2.0,6.0,0.002534071070169671,0.007010933579163855,2.0,0.0,0.0,False,False,False
thewaydawnends,5,0.0,4,5,4,5,4.0,5.0,0.007332446245410097,0.030453673440981505,4.0,0.0,0.0,False,False,False
think-solid-9530,4,0.0,2,4,2,4,2.0,4.0,0.0014330911681263779,0.017103257429593687,2.0,0.0,0.0,False,False,False
this-lengthiness-516,3,0.0,2,2,2,2,4.0,3.0,0.00036092930992617035,0.008012567410863366,4.0,0.0,0.0,False,False,False
this_is_len,1,0.0,0,1,0,1,0.0,1.0,0.0,1.0520716830166065e-18,,,,False,False,False
thissean,1,0.0,1,1,1,1,1.0,1.0,4.503122467386321e-05,1.3594188856000544e-19,1.0,0.0,0.0,False,False,False
thomcovenant,1,0.0,0,1,0,1,0.0,1.0,0.0,-2.43506718866756e-18,,,,False,False,False
thost1512,3,0.0,7,3,7,3,7.0,3.0,0.003202618041062096,0.021651470382844935,7.0,0.0,0.0,True,False,False
throwawayald83bx,3,0.3333333333333333,1,1,1,1,1.0,3.0,0.0,0.0013934308535266985,1.0,0.0,0.0,False,False,False
thunderzurafa705,1,0.0,0,1,0,1,0.0,1.0,0.0,-1.681154333010461e-18,,,,False,False,False
tibituc,6,0.0,8,4,8,4,10.0,5.0,0.011094936431748156,0.05847442098365564,10.0,0.0,0.0,True,False,True
ticey112,2,0.0,3,1,3,1,4.0,1.0,0.0004855189473465934,0.006490305620815483,4.0,0.0,0.0,False,False,False
time-shoulder2659,1,1.0,0,1,0,1,0.0,1.0,0.0,-4.833442537301576e-18,,,,False,False,False
tinyhamsterhatcm,6,0.0,2,3,2,3,2.0,3.0,0.0014242601374965037,0.00023034946487980427,2.0,0.0,0.0,False,False,False
tmoney4949,1,0.0,16,1,16,1,17.0,1.0,0.00968087803192532,0.0640132550962874,17.0,0.0,0.0,True,False,True
tnoctua,1,0.0,0,1,0,1,0.0,1.0,0.0,-1.6759882425529872e-18,,,,False,False,False
toastyyxdragon,2,0.0,1,1,1,1,2.0,2.0,0.0,0.001907166156936241,2.0,0.0,0.0,False,False,False
tommyxoo,1,0.0,1,1,1,1,1.0,1.0,0.0,-1.92869965757048e-17,1.0,0.0,0.0,False,False,False
top-society8779,1,0.0,1,1,1,1,1.0,1.0,0.0,0.0005606730732574313,1.0,0.0,0.0,False,False,False
top-veterinarian26,2,0.0,1,1,1,1,1.0,2.0,0.0,0.0005606730732574312,1.0,0.0,0.0,False,False,False
torvalduruz,2,0.0,15,2,15,2,16.0,2.0,0.005950900320108184,0.030486413080946215,16.0,0.0,0.0,True,False,True
totalarmor,1,0.0,3,1,3,1,3.0,1.0,5.6921623290603354e-05,0.004123844174927241,3.0,0.0,0.0,False,False,False
tough-attempt-6649,2,0.0,2,2,2,2,2.0,2.0,0.0009359332497661898,0.0011207068240003339,2.0,0.0,0.0,False,False,False
tough-village7313,1,0.0,0,1,0,1,0.0,1.0,0.0,-1.4129481752430624e-18,,,,False,False,False
toxic-agent-47,1,0.0,1,1,1,1,1.0,1.0,0.0,0.007362710578063631,1.0,0.0,0.0,False,False,False
toxicfi7h,1,0.0,0,1,0,1,0.0,1.0,0.0,8.082831575955557e-19,,,,False,False,False
traditionalalarm222,1,0.0,0,1,0,1,0.0,1.0,0.0,-8.805822832443143e-19,,,,False,False,False
traetusmn,2,0.0,0,2,0,2,0.0,2.0,0.0,4.956539288978186e-18,,,,False,False,False
training_debate_7443,1,0.0,0,1,0,1,0.0,1.0,0.0,-3.691654750975115e-18,,,,False,False,False
trammiesurprise,1,0.0,1,1,1,1,1.0,1.0,0.0,0.004362425376455173,1.0,0.0,0.0,False,False,False
tritriisme,6,0.1666666666666666,2,6,2,6,2.0,6.0,0.00052920860592716,0.009747738012321388,2.0,0.0,0.0,False,False,False
trngngtuananh,1,0.0,1,1,1,1,1.0,1.0,0.0,0.004410852090760104,1.0,0.0,0.0,False,False,False
trosky6601,3,0.0,0,3,0,3,0.0,3.0,0.0,-1.0636264535385373e-18,,,,False,False,False
tudor2099,1,0.0,1,1,1,1,1.0,1.0,0.0,0.003616126775383599,1.0,0.0,0.0,False,False,False
turbulent_turnip_558,2,0.0,1,1,1,1,1.0,2.0,0.0,0.023286100231557274,1.0,0.0,0.0,False,False,False
tveaja,4,0.0,5,1,5,1,9.0,4.0,0.002154593281924553,0.014865559685557726,9.0,0.0,0.0,False,False,False
typical_tambay,2,0.0,1,2,1,2,1.0,2.0,2.914857026262862e-06,0.0007950692076231859,1.0,0.0,0.0,False,False,False
ugabuga123451,7,0.0,4,7,4,7,6.0,7.0,0.01773510879317011,0.014207354624703773,6.0,0.0,0.0,False,False,True
ultimategmr,1,0.0,0,1,0,1,0.0,1.0,0.0,3.1974847683452672e-18,,,,False,False,False
ultimeciatr,3,0.0,1,2,1,2,2.0,3.0,1.1659428105051447e-05,7.984528309186848e-18,2.0,0.0,0.0,False,False,False
ummahusla,4,0.0,2,4,2,4,2.0,4.0,0.0019598901581307495,0.0011914659905579565,2.0,0.0,0.0,False,False,False
underb0ss,1,0.0,0,1,0,1,0.0,1.0,0.0,3.9908110467747805e-18,,,,False,False,False
undumed,13,0.0769230769230769,5,7,5,7,11.0,13.0,0.00562426099866738,0.10436907130937219,11.0,0.0,0.0,False,False,True
unseenomen,2,0.0,4,2,4,2,4.0,2.0,0.002076472921489974,0.00315734071797719,4.0,0.0,0.0,False,False,False
up_to_code,1,0.0,0,1,0,1,0.0,1.0,0.0,4.08771240420512e-18,,,,False,False,False
upset-enthusiasm-968,1,0.0,0,1,0,1,0.0,1.0,0.0,-4.005940641242331e-18,,,,False,False,False
usual_birthday_2965,4,0.0,3,4,3,4,3.0,4.0,0.002506280653311727,0.008220746721962347,3.0,0.0,0.0,False,False,False
usurperer,1,0.0,0,1,0,1,0.0,1.0,0.0,1.813468893664676e-18,,,,False,False,False
uxfirst,3,0.0,3,3,3,3,3.0,3.0,0.002238378858310651,0.006355134632137012,3.0,0.0,0.0,False,False,False
v3ctoron,2,0.0,0,2,0,2,0.0,2.0,0.0,4.792487439179781e-18,,,,False,False,False
v_ratmin,1,0.0,0,1,0,1,0.0,1.0,0.0,5.2873295341577356e-18,,,,False,False,False
valtitilemagnifique,1,0.0,0,1,0,1,0.0,1.0,0.0,5.940691587292001e-18,,,,False,False,False
vegetable-sound1717,1,1.0,0,1,0,1,0.0,1.0,0.0,1.2412482610242408e-18,,,,False,False,False
vegetabledelay1658,4,0.0,1,3,1,3,3.0,4.0,0.0009154679205251952,0.004308136731417383,3.0,0.0,0.0,False,False,False
veloester,1,0.0,0,1,0,1,0.0,1.0,0.0,9.169681777124514e-19,,,,False,False,False
velvetnayru,22,0.2727272727272727,13,11,13,11,27.0,22.0,0.006650139813855945,0.14851349375686576,27.0,0.0,0.0,True,True,True
vendo_kombi_99,1,0.0,0,1,0,1,0.0,1.0,0.0,4.0128887825999844e-18,,,,False,False,False
vera_olive,1,0.0,0,1,0,1,0.0,1.0,0.0,4.976880365212724e-18,,,,False,False,False
vesyy,5,0.0,4,5,4,5,4.0,5.0,0.004492850924259519,0.011830412125677658,4.0,0.0,0.0,False,False,False
viking_bard,1,1.0,0,1,0,1,0.0,1.0,0.0,1.538649939421564e-18,,,,False,False,False
vipaman69,6,0.0,8,5,8,5,10.0,6.0,0.007316941406563117,0.007994372406578656,10.0,0.0,0.0,True,False,True
visualad4916,3,0.3333333333333333,1,3,1,3,2.0,3.0,0.00013506850996284643,0.017655825930661166,2.0,0.0,0.0,False,False,False
vocandin,1,0.0,2,1,2,1,2.0,1.0,0.0005674255011125038,0.05291420365530711,2.0,0.0,0.0,False,False,False
vokeswaagin,3,0.3333333333333333,1,2,1,2,1.0,3.0,1.1659428105051447e-05,0.00025870418472451564,1.0,0.0,0.0,False,False,False
vvulfx,1,0.0,3,1,3,1,3.0,1.0,0.0011348510022250076,0.010091985214037584,3.0,0.0,0.0,False,False,False
vzaron,1,0.0,0,1,0,1,0.0,1.0,0.0,3.219214377060824e-18,,,,False,False,False
wainpot437,1,0.0,1,1,1,1,1.0,1.0,0.0,0.00033379055278783085,1.0,0.0,0.0,False,False,False
waramongthestars,1,0.0,0,1,0,1,0.0,1.0,0.0,8.043671868901224e-20,,,,False,False,False
wavesofaddu,4,0.0,3,4,3,4,5.0,4.0,0.002938820123359722,0.004462039581310572,5.0,0.0,0.0,False,False,False
we_all_become,1,0.0,0,1,0,1,0.0,1.0,0.0,5.027546295955341e-18,,,,False,False,False
wee2487,2,0.0,0,2,0,2,0.0,2.0,0.0,-3.951043284268642e-20,,,,False,False,False
weekly-worker9634,1,0.0,0,1,0,1,0.0,1.0,0.0,-4.007308752776525e-18,,,,False,False,False
weetsideboi,1,0.0,0,1,0,1,0.0,1.0,0.0,2.2924361451975e-18,,,,False,False,False
wehrahoonii,1,0.0,0,1,0,1,0.0,1.0,0.0,2.5144586190089573e-18,,,,False,False,False
werdavisla,1,0.0,1,1,1,1,1.0,1.0,0.0,0.0005606730732574355,1.0,0.0,0.0,False,False,False
werewolfbrief9226,1,0.0,2,1,2,1,2.0,1.0,9.716190087542874e-07,0.025701195767274504,2.0,0.0,0.0,False,False,False
whirly315,2,0.5,2,2,2,2,2.0,2.0,0.0020390423449692624,0.02735522273966906,2.0,0.0,0.0,False,False,False
whodatkoi,2,0.0,6,2,6,2,7.0,2.0,0.004793272874710208,0.013601688463871674,7.0,0.0,0.0,True,False,False
whycantitypeanything,4,0.0,0,4,0,4,0.0,4.0,0.0,5.32472664375084e-18,,,,False,False,False
whyyewdewdiss,13,0.0,4,13,4,13,4.0,13.0,0.007213841315355968,0.0018124074687642605,4.0,0.0,0.0,False,False,False
willianraupp,1,0.0,1,1,1,1,1.0,1.0,0.0,0.002975254292744012,1.0,0.0,0.0,False,False,False
willpause,1,0.0,0,1,0,1,0.0,1.0,0.0,-6.575348937076439e-19,,,,False,False,False
willusurf,3,0.0,1,2,1,2,1.0,3.0,4.263704315327972e-05,0.0019071661569362412,1.0,0.0,0.0,False,False,False
wordsonmytongue,2,0.0,0,2,0,2,0.0,2.0,0.0,4.212733934805087e-18,,,,False,False,False
working-visual-6029,1,0.0,0,1,0,1,0.0,1.0,0.0,-1.3191817247870182e-18,,,,False,False,False
workingcaregiver6991,2,0.0,6,2,6,2,6.0,2.0,0.0076115164351960385,0.06311054056666181,6.0,0.0,0.0,True,False,True
worldlyalfalfa2072,3,0.0,2,3,2,3,2.0,3.0,0.002592451132727168,0.0070711669527727655,2.0,0.0,0.0,False,False,False
wriothesley9,48,0.0208333333333333,65,29,65,29,100.0,47.0,0.07883790124845524,0.37045170469095734,100.0,0.0,0.0,True,False,True
wsamiz,1,0.0,1,0,1,0,1.0,0.0,0.0,-1.2470431789551377e-17,1.0,0.0,0.0,False,False,False
wtg05,2,0.0,18,1,18,1,19.0,1.0,0.004849677900587227,0.09542184853970781,19.0,0.0,0.0,True,False,False
wwaaw,1,0.0,0,1,0,1,0.0,1.0,0.0,-5.391926275361308e-19,,,,False,False,False
xanimun,1,0.0,0,1,0,1,0.0,1.0,0.0,6.317881863166453e-18,,,,False,False,False
xirez,1,0.0,0,1,0,1,0.0,1.0,0.0,2.3994211293233175e-18,,,,False,False,False
xlazymakara,2,0.5,1,2,1,2,1.0,2.0,0.0,0.006924488680817205,1.0,0.0,0.0,False,False,False
xonth,4,0.0,8,4,8,4,8.0,4.0,0.0037257529235478377,0.02166991069841763,8.0,0.0,0.0,True,False,False
xphantom32,1,0.0,0,1,0,1,0.0,1.0,0.0,5.5118549645912136e-18,,,,False,False,False
xrothironx,7,0.0,3,4,3,4,5.0,6.0,0.002339998866584398,0.008425198084690281,5.0,0.0,0.0,False,False,False
xscarletcrossx,1,0.0,1,1,1,1,1.0,1.0,0.0005683971201212581,1.5161128432757245e-17,1.0,0.0,0.0,False,False,False
xsh0utx,1,0.0,1,1,1,1,1.0,1.0,0.0,0.0044108520907601015,1.0,0.0,0.0,False,False,False
xtlfxlethal242,1,0.0,0,1,0,1,0.0,1.0,0.0,-1.4551520258428395e-18,,,,False,False,False
xtoprak404,1,0.0,0,1,0,1,0.0,1.0,0.0,-1.5192628711417082e-18,,,,False,False,False
yaie,1,0.0,1,1,1,1,1.0,1.0,0.0,0.04634594864786594,1.0,0.0,0.0,False,False,False
yanji13,5,0.0,7,4,7,4,8.0,5.0,0.013336821447485766,0.07501415024248508,8.0,0.0,0.0,True,False,True
yeetikusfeetikus,1,0.0,0,1,0,1,0.0,1.0,0.0,-4.134272018982941e-18,,,,False,False,False
yeraydany,1,0.0,0,1,0,1,0.0,1.0,0.0,3.3519283203277705e-18,,,,False,False,False
yieldingfreddydude2,2,0.0,0,2,0,2,0.0,2.0,0.0,2.1223593172719397e-18,,,,False,False,False
yougotmeshedhoe,4,0.0,2,4,2,4,2.0,4.0,0.0005559803987765524,0.013294895822131635,2.0,0.0,0.0,False,False,False
yourdelusionisshowin,2,0.0,0,2,0,2,0.0,2.0,0.0,-2.992508991799097e-18,,,,False,False,False
yowrinnin,1,0.0,0,1,0,1,0.0,1.0,0.0,3.198628703409266e-18,,,,False,False,False
yugenk,1,0.0,1,1,1,1,1.0,1.0,0.0,0.00667970660536251,1.0,0.0,0.0,False,False,False
zagubadu,1,1.0,0,1,0,1,0.0,1.0,0.0,3.0897898358822756e-18,,,,False,False,False
zanevictor,1,0.0,1,1,1,1,1.0,1.0,0.0,0.0043223629439435194,1.0,0.0,0.0,False,False,False
zaratana,1,0.0,0,1,0,1,0.0,1.0,0.0,1.6918597438839751e-18,,,,False,False,False
zashuz,1,1.0,0,1,0,1,0.0,1.0,0.0,-3.590251494465114e-18,,,,False,False,False
zavocoriginal,2,0.0,2,1,2,1,2.0,2.0,0.0,0.054863446020812334,2.0,0.0,0.0,False,False,False
zazkzjs,5,0.2,2,4,2,4,3.0,5.0,0.0011387374782600248,6.527350631751576e-18,3.0,0.0,0.0,False,False,False
zealousideal_rich975,2,0.0,0,2,0,2,0.0,2.0,0.0,-2.8567346227785544e-18,,,,False,False,False
zephyrustrident,1,0.0,2,1,2,1,2.0,1.0,0.0007595131854222349,0.0005745170055904946,2.0,0.0,0.0,False,False,False
zeppeeee,1,0.0,1,1,1,1,1.0,1.0,0.0,0.0016549624756624023,1.0,0.0,0.0,False,False,False
zerokun11,1,0.0,0,1,0,1,0.0,1.0,0.0,1.9286082159917208e-18,,,,False,False,False
zeusamused,1,0.0,2,1,2,1,2.0,1.0,6.859167526086815e-06,0.0031343773898386807,2.0,0.0,0.0,False,False,False
zhoups,5,0.0,1,5,1,5,1.0,5.0,0.0007900796928460635,0.0004595947004207821,1.0,0.0,0.0,False,False,False
zinomad,3,0.0,1,3,1,3,1.0,3.0,1.4962161608618603e-05,7.589999544979364e-05,1.0,0.0,0.0,False,False,False
zweander,2,0.0,2,2,2,2,2.0,2.0,0.0010276232707221147,0.0015589407500607713,2.0,0.0,0.0,False,False,False
