Id,comments,toxicity_rate,in_degree,out_degree
-do-not-resuscitate,22,0.13636363636363635,11,17
-fuzzyduck-,2,0.0,0,2
-meo-,2,0.0,0,2
0xab51nth,12,0.16666666666666666,3,11
150disciplinee,1,0.0,1,1
1nfernus1312,1,0.0,0,1
666ade,14,0.14285714285714285,4,12
95lulu,1,0.0,0,1
9centos,1,0.0,0,1
__4ndr3w,11,0.0,12,10
_akajohn,5,0.2,6,5
_generateusername,4,0.0,1,2
_ninxx_,4,0.0,6,2
aagy13,1,0.0,0,1
aaha97,10,0.3,7,10
absurdistrat,1,0.0,0,1
academic_election149,4,0.25,2,3
academic_way5712,4,0.0,8,3
accurate-ad-659,16,0.0,7,15
acebeans,1,0.0,3,1
actual-ad3413,4,0.25,2,3
actualspirit4208,1,0.0,2,1
admins_are_creeps,3,0.0,2,2
adsuspicious4073,3,0.0,0,3
adventurehill1,5,0.0,0,5
advful517,1,0.0,5,1
aeropar,1,0.0,0,1
aerophilebt,2,0.0,1,2
aerzero,1,0.0,8,1
affectionate-loan240,2,0.0,16,2
affectionatesleep905,1,0.0,0,1
aggressive_spring915,1,0.0,1,1
aggressivesummer1570,4,0.25,3,3
aissk32,1,0.0,0,1
ajemoalex,2,0.0,0,2
ak_tiger,1,0.0,0,1
akaoris,2,0.0,5,2
akhevan,1,0.0,1,1
akura2103,1,0.0,0,1
al3xutul02,1,0.0,1,1
albionceb,8,0.375,4,7
albionfreemarket,2,0.0,0,2
alefts,1,1.0,1,1
alessandroit,1,0.0,1,1
alone_lock_564,4,0.0,1,2
alphadanger07,1,0.0,1,1
althoradeem,3,0.0,1,2
altunaandy,2,0.5,4,2
alyqo2,1,0.0,1,1
amaruk727,1,0.0,1,1
amba225,4,0.0,3,4
ambitcion,1,0.0,0,1
amethyst_mine,2,0.0,2,2
amoebaliving6460,3,0.0,22,3
amteros,9,0.0,6,9
amysterious_stranger,1,0.0,0,1
anotherstoicperson,1,0.0,1,1
antique_internal3258,3,0.0,1,1
anxiousenvironment26,3,0.0,3,2
any_possibility6848,4,0.0,4,1
ao_bogul,1,0.0,0,1
aochristoph,1,0.0,12,1
aograymo,1,0.0,0,1
aogwynae,1,0.0,0,1
apirateship,8,0.125,1,4
apprehensive-law4049,1,0.0,1,1
appropriate-bad-8350,1,0.0,0,1
arabekp,1,0.0,0,1
arch_anon,9,0.1111111111111111,6,9
ariachus,8,0.125,6,6
aries1500,1,0.0,1,1
aromatic_base_3749,2,0.0,1,2
artzin66_zz,6,0.0,13,5
ascended_one,2,0.0,0,2
asinine9ben,1,0.0,0,1
ask_if_i_like_trains,3,0.0,2,3
asleep-special7822,1,0.0,0,1
assassinboo123,3,0.0,2,3
asterio_marzio,2,0.0,6,1
astronomerdry7581,5,0.0,2,5
atmajazone,1,0.0,0,1
atpos_wm,1,0.0,1,1
avaloniandemon,1,0.0,0,1
avernite,1,0.0,0,1
averyporkhunt,1,1.0,0,1
avibuel,6,0.0,4,6
avree,5,0.0,1,3
awastedhobo,3,0.0,2,2
awfeel,1,0.0,0,1
axelay_plp,2,0.0,0,2
azzblack,4,0.25,2,2
baandi,2,0.0,1,2
background-prune-606,2,0.0,0,2
background_egg_4394,11,0.18181818181818182,5,9
balars,3,0.0,4,2
ballknower871,27,0.037037037037037035,31,20
bananacrackers69,1,0.0,0,1
bazarkul,1,0.0,1,1
beeindividual6018,2,0.0,1,2
beeten,1,0.0,0,1
bendhopeful5302,10,0.0,11,9
beneficial_long_3576,14,0.0,11,11
benoitlaveur,1,0.0,0,1
berixgame,1,0.0,0,1
best-personality-390,1,0.0,0,1
best6990,1,0.0,1,1
best_adeptness_5409,1,0.0,1,1
big_solution1343,2,0.0,1,2
binderaj,1,0.0,0,1
bitelchusx3,3,0.0,23,3
biteok252,1,0.0,0,1
blackdev1l,9,0.0,6,7
blanchard97,9,0.0,12,8
blazdnconfuzd,1,0.0,0,1
bleachmossyo,1,0.0,2,1
bloodandiron00,1,0.0,0,1
bloodwolf_g,1,0.0,1,1
blumentraum,3,0.0,2,3
bntpn,2,0.0,1,2
bobpossible,2,0.0,1,2
bookwrrm,9,0.0,4,6
born-reporter-855,1,0.0,1,1
brayderek,2,0.5,3,2
brief-commission-987,8,0.0,4,6
bro-koli6944,17,0.058823529411764705,5,14
brocklessice,3,0.0,9,3
broken-truth,1,0.0,0,1
brokendrive,4,0.0,5,3
brunoortegalindo,12,0.0,5,8
bubbly-general-5881,2,0.0,8,2
bubbly_salamander764,28,0.03571428571428571,3,17
buckwheet,1,0.0,2,1
buddyreacher,1,0.0,0,1
caballep,1,0.0,0,1
candid_leek7433,4,0.25,1,1
canniebai,2,0.0,0,1
capital_factor_3588,1,0.0,1,1
capnredeyezzzzz,2,0.0,1,1
captfatz,1,0.0,0,1
carahlovelace,1,0.0,1,1
carbidesc,1,0.0,0,1
careby,1,0.0,0,1
carsalten,2,0.0,0,1
cartographerfun4271,8,0.0,4,7
cattttttt3,1,0.0,1,1
cephadronix,4,0.0,0,3
cespaying,1,0.0,1,1
chanciferous,1,0.0,1,1
chargecount,3,0.0,4,3
cheap_necessary8570,1,0.0,1,1
chelom,2,0.0,1,2
chemical_isopod3053,1,0.0,0,1
chezicrator,6,0.0,4,6
choice-split-4973,1,0.0,0,1
choice_trick8263,1,0.0,0,1
civil_cress5833,1,0.0,0,1
clean-knowledge-2363,2,0.0,1,1
clericrobe,15,0.0,15,7
cointaku,1,0.0,0,1
colinspaw,1,1.0,1,1
cometus,31,0.03225806451612903,22,14
communicationkey4146,1,0.0,1,1
competitive-pea7214,1,1.0,0,1
comprehensivead5043,1,0.0,2,1
confident-low-2696,3,0.3333333333333333,1,3
content_dragonfly_59,3,0.0,1,3
cool-sunglasses-dude,1,1.0,0,1
cosmicexplorer87,1,0.0,0,1
cptmuffinator,25,0.04,10,15
creepychoice5464,3,0.3333333333333333,2,1
crimsonheart,1,0.0,1,1
crossxfaith,1,0.0,0,1
cruzafixx,1,0.0,0,1
curiousegg6396,2,0.5,2,2
cykablyat_123,1,0.0,0,1
d4vavry,2,0.0,3,2
dabmachine360,8,0.25,45,7
damnfruitloops,1,0.0,1,1
dangerouswalrus9305,5,0.0,5,4
dankramenplease,13,0.0,6,9
dark4rr0w-,2,0.0,1,1
dark_star667,1,0.0,0,1
darkoblivion12,1,0.0,0,1
darkscyde,5,0.0,1,4
daveoldhouse,2,0.0,1,2
daylight_star,2,0.0,0,2
ddiazvil222,1,0.0,0,1
deep-equal-2025,1,0.0,0,1
deepfriedvalues,5,0.0,0,5
defiant-honey-5902,2,0.0,1,1
delta_vixen,5,0.4,1,2
deneweth,1,0.0,0,1
dentifreeze,2,0.0,1,1
dependonyouu,2,0.0,0,2
depressed_fatcat69,3,0.0,5,3
desperate_movie188,1,0.0,2,1
destronin,2,0.5,0,2
detectivestraight481,3,0.0,1,3
detherocye,1,0.0,0,1
dexter2k16,3,0.0,1,3
dexteriffic,2,0.5,1,1
diddler0717,6,0.3333333333333333,3,4
diligent_rabbit9578,2,0.0,0,2
diligenttradition799,1,0.0,0,1
disastrous_ground503,1,0.0,0,1
dismal-friend6596,6,0.0,2,5
dkhunu,6,0.0,5,5
dkoom_tv,5,0.0,2,3
dmate34,1,0.0,2,1
dmitriraccoon,2,0.0,0,1
dommeno_,1,0.0,1,1
dorianss,1,1.0,0,1
double-lavishness180,3,0.0,2,3
drakereinz,1,0.0,1,1
dramaticblacksmith50,1,0.0,0,1
drastically-_-,8,0.125,7,5
drelkag,1,0.0,0,1
drop_of_faith,1,0.0,0,1
druset,2,0.0,1,1
dry-championship4996,5,0.2,4,3
dubtowncrippler,2,0.0,1,2
ducata123,1,0.0,1,1
duck_6491,2,0.0,1,1
dudelebowski31,8,0.125,7,6
due_astronaut_8980,1,0.0,0,1
dull-mess2594,2,0.0,1,2
dunamisbeam,1,0.0,0,1
dustiradustira,83,0.0963855421686747,50,61
dvorpe,3,0.3333333333333333,3,3
dylanraine69,1,0.0,0,1
e_c_h_o,2,0.0,0,2
east_equipment_4998,2,0.0,0,2
edgarfigueiras,3,0.0,3,3
edge9999,1,0.0,0,1
edhawkk,1,1.0,0,1
educationalhold3947,1,0.0,0,1
edwarddace,6,0.0,4,4
eggbone87,2,0.0,3,2
eialmux,1,0.0,0,1
ekamit,1,0.0,2,1
elarc,3,0.3333333333333333,1,2
eldrin7,1,0.0,3,1
elec_wolf,1,0.0,0,1
electrical-ad-6728,2,0.0,1,1
electricallaw1,1,0.0,1,1
elivaras,7,0.0,5,7
ells_the_drunk,10,0.0,4,6
elpepe-xd,2,0.0,3,2
elusive_exclusive,1,0.0,1,1
embarrassed_trust832,2,0.0,0,2
embarrassedhippo4193,1,0.0,0,1
emergency-constant44,8,0.125,5,3
emetalex,1,0.0,0,1
emotional-remote9152,1,0.0,0,1
empty-impression-432,1,0.0,0,1
endisnigh-ish,1,0.0,0,1
enlight13,1,0.0,1,1
enragedn3wb,1,0.0,0,1
epiceman,1,0.0,0,1
equart,3,0.0,20,3
eusouopapao,2,0.0,1,1
evilgoddamist,1,0.0,0,1
evongelion,5,0.0,2,4
ex1sting_hum4n,2,0.0,1,1
ex_phase,2,0.5,1,2
excellent-macaron325,1,0.0,2,1
expensive_night9893,1,0.0,2,1
extra-attention-8869,1,0.0,1,1
extreme_database7430,1,0.0,0,1
eyeofcloud,8,0.0,7,6
eysuuuuuu,1,0.0,1,1
eysz,1,0.0,0,1
ezpkezlife,6,0.0,18,6
f4nt4syf00tb4llf4n,3,0.0,1,3
fabulous_welcome_218,1,0.0,2,1
faifmain2000,1,0.0,0,1
familiar_trash_9534,1,0.0,0,1
fancanth,6,0.0,8,6
fanegar,1,0.0,0,1
fantasticcupcake6248,2,0.0,0,2
far_tomatillo_8331,1,0.0,1,1
farcillle,1,0.0,1,1
fascistpope,5,0.0,2,2
fed3264,1,0.0,0,1
feelsbadforthehype,2,0.0,3,1
feethotterthanbewbz,1,0.0,0,1
feisty-leg9934,1,0.0,2,1
fernandolieuthier,3,0.6666666666666666,6,2
feuerfinger,12,0.0,19,9
fewkick,1,0.0,0,1
fickle_temperature_8,4,0.0,1,3
finaltemperature1780,1,0.0,0,1
finaplixxx,1,0.0,1,1
findinginside1817,2,0.0,4,2
firehamstr,3,0.0,1,2
fistonks,1,0.0,1,1
fixenet,1,0.0,2,1
flufferpope,5,0.0,5,4
folksvaletti,7,0.14285714285714285,4,4
forfeitfpv,10,0.0,6,6
freddexter,18,0.0,16,15
frigidus_ardeat,1,0.0,4,1
frjackenklaken,22,0.0,15,20
fronded,2,0.0,1,1
frosty-pineapple1443,1,0.0,0,1
frozenhearts00,1,0.0,0,1
fun-damage2813,2,0.0,3,2
fundoughnut2827,1,0.0,0,1
fzndr,1,0.0,3,1
gabsgame10,3,0.0,11,2
gacel_,1,0.0,0,1
galloche,4,0.0,6,4
gamedoubletriple,9,0.3333333333333333,6,6
gamer99912,1,0.0,0,1
gamermodeon,4,0.25,3,2
getsmurfed,2,0.0,2,2
getzlatanized,4,0.25,4,4
gingermessiah99,1,0.0,0,1
gingersnapbiscuit,29,0.0,6,14
glannsberg,1,0.0,1,1
glizzy_gobier,2,0.0,1,1
global-ad-5149,2,0.0,0,2
godie61,1,0.0,1,1
good_walk3614,1,1.0,0,1
gorbachef82,1,0.0,0,1
gotmilk60,1,0.0,1,1
gowat5,4,0.0,2,2
greatmemer,4,0.75,1,1
greedy_wishbone1336,2,0.0,2,2
green_struggle_1815,1,1.0,0,1
grenadesucker,1,0.0,0,1
grimgiggle,3,0.0,7,2
grimhawke-eb,12,0.0,8,9
grintax_dnb,8,0.125,2,6
grumpalumpahaha,1,0.0,2,1
guubertrooper,1,0.0,0,1
h3yjoe,1,0.0,0,1
halborn,17,0.23529411764705882,4,12
hamburger2045,4,0.0,4,2
haraj412,1,0.0,3,1
havoc_cat,1,0.0,0,1
havoq12,1,0.0,2,1
head_diet8344,1,0.0,0,1
hebrews_decks,7,0.0,2,6
heisen-reddit,3,0.0,4,3
hekios888,1,0.0,0,1
hellementsao,1,0.0,0,1
heshkill,3,0.0,6,3
hexfyber,2,0.5,0,2
heyshorty,1,0.0,0,1
hf484,1,0.0,2,1
hiiiiiiiiiiiiiiello,1,0.0,0,1
holay63,1,0.0,0,1
honest-entry8526,1,0.0,0,1
honkingcookingdonkey,1,0.0,5,1
hopeful-machine-6144,4,0.0,8,4
horror_town_8949,1,1.0,0,1
hot_requirement_8590,1,0.0,2,1
hotdot4725,5,0.0,2,4
hotjns,3,0.0,0,3
hour-low-1150,1,0.0,5,1
hundredfiftyfourth,2,0.0,5,2
hungry_yak633,2,0.0,5,2
hydrapaladin,3,0.0,0,3
hypatia_375,1,0.0,3,1
i_jungle_teemo,1,1.0,0,1
i_nut_for_nutella,1,0.0,2,1
iamblicky,1,0.0,0,1
icemadeyou,3,0.0,1,2
icy-shocks,1,0.0,1,1
identityhomebrew,3,0.0,9,2
ignisiumest,14,0.14285714285714285,6,11
ihurtfatkid,18,0.16666666666666666,11,11
iimero,3,0.6666666666666666,2,2
ikuuuya,1,0.0,1,1
ill-wallaby-4312,1,1.0,0,1
iluvatar-great,5,0.0,18,5
imacyber,1,0.0,0,1
imaginaryshoe2870,9,0.1111111111111111,4,7
imastrangeone,12,0.0,3,11
imdami,4,0.0,7,4
immediatelyrusty,2,0.0,2,2
immortalxphoenix,2,0.0,1,2
impades,1,0.0,0,1
impossible-glass9521,2,0.0,1,1
incrediblemomo,2,0.0,1,2
infernalwiz,1,0.0,0,1
infiderpy,1,0.0,1,1
infiltrate,1,0.0,0,1
infinite-cupcake-999,5,0.0,1,5
infinite-worth-6434,1,0.0,0,1
innocentdestroy,2,0.0,1,1
instructioninformal5,2,0.0,2,2
internationallook624,12,0.16666666666666666,20,5
io_rexzeus_oi,2,0.0,2,2
irishmexican59,3,0.0,1,1
isawuolwreckingtsm,4,0.0,1,4
isekii,3,0.0,1,2
isuckatvalorantyes,1,0.0,1,1
itchy_de,2,0.0,1,2
itscenkbro,2,0.0,1,1
itsmagic777,2,0.0,3,2
ittapeworm,1,0.0,1,1
ivlimitless,1,0.0,0,1
j_j_games,1,0.0,0,1
jackalope268,1,0.0,1,1
jacktheexplosive,1,0.0,0,1
jaffycake-youtube,15,0.13333333333333333,4,7
jahkal_inc,2,0.0,1,2
jardanikozlova,1,0.0,1,1
jasonelegant,1,0.0,0,1
javascript6969,1,0.0,0,1
jay4adams,2,0.0,0,2
jayicon97,1,0.0,0,1
jayywvy,1,0.0,0,1
jellytortise88,2,0.0,4,2
jesterech,2,0.0,3,2
jesuislabasjzbsb,1,0.0,0,1
jezvin,2,0.0,2,1
jhaaaz11,3,0.0,7,3
jockstrapwill,2,0.0,1,1
johnnyunfunny,1,0.0,0,1
jon-robb,4,0.25,2,3
jonah-joni-jon,2,0.0,8,2
jota_9,5,0.0,0,5
jozeri,1,0.0,0,1
juanma_doe,2,0.0,1,2
juanvm95,4,0.0,1,4
jucean,8,0.25,3,6
jumbo_shrimp400,3,0.3333333333333333,0,3
jumpy_philosopher502,3,0.0,0,3
just_pete401,2,0.0,0,2
justjonas0,2,0.0,1,1
justlaughandmoveon,1,0.0,0,1
kaanmine,2,0.0,1,2
kadoskracker,3,0.3333333333333333,0,3
kalebpierre,4,0.0,1,2
kalinganarthana,1,0.0,0,1
kami-yang1,1,0.0,4,1
karmas_bullets,4,0.0,10,4
kasvita,1,0.0,0,1
kelticorigin,2,0.0,1,2
kemosabenl,1,0.0,0,1
kemper2290,1,0.0,0,1
kereez,1,0.0,0,1
keui,1,0.0,0,1
kevin2355,5,0.0,4,5
key_clock8669,2,0.0,1,2
keyboarddicker,4,0.0,3,3
keybord_masher,3,0.0,1,3
kid20304,1,0.0,0,1
kimono_fade,1,0.0,0,1
kindly-tutor1278,2,0.0,1,1
kirahakoto,1,1.0,0,1
kitchen-future-9124,2,0.0,1,2
klemkray,7,0.14285714285714285,3,7
known-bee7722,10,0.2,11,10
known-employee-4955,2,0.0,1,2
kokorosen,1,0.0,0,1
kreload,1,0.0,1,1
kunkun6969,1,0.0,0,1
kupukupu377,1,0.0,1,1
kyykkyhyppy94,1,0.0,0,1
laavilen,1,0.0,0,1
ladycatgirl,2,0.0,0,2
lagencie,1,1.0,2,1
lakitoot,1,0.0,0,1
lamaravilla504,1,0.0,0,1
lamuria_,1,0.0,0,1
larger_brother,3,0.0,0,3
laroxide,2,0.0,2,1
lauritz109,2,0.0,2,2
lawra_palmer,2,0.0,0,2
leaderadmirable3086,1,0.0,1,1
lebonbon1010,2,0.0,3,2
leffski,2,0.5,1,2
legitimate_log_1356,2,0.0,1,2
lemon_boi5491,1,0.0,1,1
leoelsawy,2,0.0,2,2
leraging2,1,0.0,0,1
levalc,1,0.0,0,1
lewpac22,3,0.0,5,3
licorfino,1,0.0,0,1
lightdarknessss,1,0.0,1,1
lingi25,2,0.5,0,2
linkd3th,3,0.0,0,2
lith30,8,0.0,6,7
livid-ad-5037,1,0.0,1,1
loadasfaq,1,0.0,0,1
lodewawatutz,1,0.0,1,1
logical-repeat-8995,1,0.0,0,1
logical_area_4806,1,0.0,1,1
lokizor,1,0.0,0,1
lomg1967,1,0.0,1,1
lone-silent-gamer,3,0.0,0,3
long_ad1929,4,0.25,2,1
longjumping-rise9886,1,0.0,1,1
loocifurry,1,0.0,0,1
lookingtrash,4,0.0,3,4
lorddrama1221,1,1.0,0,1
lordofthehodors,1,0.0,3,1
lorisalzar,2,0.0,1,2
loudiamond,2,0.5,2,2
lovecmc,4,0.0,0,4
lower-giraffe-3236,1,0.0,0,1
lowrads,13,0.0,5,13
lunat1cakos,1,0.0,1,1
luumpy,1,0.0,2,1
lyferon,20,0.2,8,14
lylulu,2,0.0,1,2
m0rty-,5,0.2,4,5
m0xlive,2,0.0,2,2
machu05,2,0.0,1,1
maciascgi,1,0.0,1,1
madafakto,1,0.0,1,1
madethisfordiablo,1,0.0,0,1
majestic-sun4664,1,0.0,0,1
major112_yt,1,0.0,0,1
major_tom2,1,0.0,0,1
malaystar,1,0.0,1,1
malphos101,9,0.2222222222222222,5,8
many-suggestion6046,2,0.5,1,2
marshinghost,5,0.0,0,5
master-objective2181,1,0.0,0,1
master338vv,1,0.0,1,1
mastercookie123,1,0.0,0,1
masterfalco,2,0.0,4,2
matusz2233,1,0.0,0,1
maynavira,5,0.0,1,5
melting-sabbath,2,0.0,0,2
menarian,2,0.0,1,1
meteora_tr,1,0.0,0,1
mgnaywinlatt,4,0.0,6,3
migueln6,1,0.0,0,1
mik4179,2,0.0,3,2
mikathou,1,0.0,0,1
mikeyfromdareddit,13,0.0,4,6
miksiko,1,0.0,4,0
mill-man,1,0.0,0,1
mindfulconversion,3,0.0,1,2
misconduxt,3,0.0,2,3
miserable-lecture375,1,0.0,2,1
mistermeta,3,0.3333333333333333,2,3
misterperky93,3,0.0,1,1
moist_secret996,1,0.0,0,1
moistowletao,1,0.0,0,1
momentz_lagrec_eve,3,0.0,1,3
monkeybrawler,3,0.0,0,3
montwizl,3,0.0,1,3
morganinc,2,0.0,2,1
moroax,3,0.0,1,3
most_piccolo4849,3,0.0,2,2
mouloko94,1,0.0,0,1
movieneat9613,1,0.0,2,1
mrgforces,2,0.0,1,2
mrnugzz,1,0.0,1,1
msfts01,2,0.0,1,2
mugen2002,2,0.5,0,2
muggyfuzzball,1,0.0,1,1
mule27,1,0.0,0,1
mulfrik,1,0.0,0,1
mumbleth,1,0.0,0,1
munchymarauder,2,0.0,8,2
mundo2002,1,0.0,1,0
muppetx3,1,0.0,0,1
mylogissmol,2,0.0,1,2
naarann,1,0.0,10,1
nathreok,6,0.0,1,4
nationalbreadfruit31,1,0.0,0,1
nazori,3,0.0,15,3
neccris,1,0.0,1,1
necessary-fun-545,1,0.0,1,1
necroon370,1,0.0,0,1
negative_day2002,1,0.0,0,1
neither-analyst9157,2,0.0,1,2
neither_structure423,2,0.0,23,2
nemien,1,1.0,0,1
nendys,1,0.0,1,1
nergalgamer181,1,0.0,0,1
neruay,1,0.0,1,1
nesnescm,1,0.0,1,1
new_breadfruit5664,1,0.0,1,1
new_refrigerator_920,1,0.0,0,1
newbie_8967,1,0.0,0,1
newcaramel3978,1,0.0,2,1
newlovealbion,18,0.1111111111111111,11,10
newmagazine3329,1,0.0,1,1
newpilot232,1,0.0,2,1
nickitty96,1,0.0,0,1
nijuichi21,1,0.0,1,1
nikoratzu,2,0.0,0,2
nikoredito,1,0.0,9,1
nimarosiss,1,0.0,3,1
niqqa24no,1,0.0,3,1
no-thanks-4196,1,0.0,0,1
no_anywhere_7658,2,0.0,1,2
no_entertainment6792,1,0.0,1,1
no_two_3876,1,0.0,0,1
no_young_6070,16,0.0,10,14
noarmadillo7796,1,0.0,0,1
noeffingvalue,4,0.25,4,4
nomodsnomaster,4,0.0,1,2
nonethelessmatters,2,0.5,0,2
nonsatanicgoat,1,0.0,1,1
nooneimportant4637,5,0.0,11,5
nosubtitt,1,0.0,1,1
not_a_engineer26,2,0.0,1,1
not_joining_ur-cult,1,0.0,0,1
not_waargh,2,0.5,0,2
notberti,9,0.0,3,5
notsonsusup,1,0.0,0,1
nova_tank,1,1.0,2,1
nschwerte,5,0.0,2,5
nuffsaid19770265,1,0.0,0,1
nulldev99,3,0.6666666666666666,3,3
nullpointer55,1,0.0,0,1
nvidiastock,1,0.0,0,1
nyxius437,1,0.0,0,1
obelist,2,0.0,2,1
objective_bend4609,3,0.0,4,2
objective_pomelo_880,3,0.3333333333333333,1,2
ohmane,1,0.0,1,1
ohyperxd,1,0.0,0,1
ok-piece4435,3,0.0,1,1
ok-sandwich-6685,1,1.0,0,1
ok_badger233,1,0.0,1,1
old-dog2319,1,0.0,0,1
old-two-8730,1,0.0,1,1
old_shake3789,2,0.0,0,2
olethros90,1,0.0,0,1
olko78,5,0.0,4,3
omegageoff,1,0.0,1,1
onematerial431,2,0.0,1,2
oobiedoobielol,8,0.125,3,4
oodamah,1,1.0,0,1
oooeeeoooee,2,0.0,2,2
opposite_athlete7443,1,0.0,2,1
ormalll,1,0.0,1,1
orphanmeatman,1,0.0,0,1
over_distribution353,1,0.0,0,1
owlsfowl,2,0.0,1,1
own-respond-569,2,0.0,4,2
p1101,1,0.0,0,1
pacienciaa,1,0.0,0,1
pack_your_trash,4,0.0,1,4
paletoebean,1,0.0,0,1
parking-afternoon-30,4,0.0,8,2
parryandrepost,3,0.0,2,2
past-home-3811,3,0.0,1,2
pattycorn,2,0.0,0,2
pdx_umber,2,0.0,1,2
peak_southern,1,0.0,0,1
performanceprize1649,1,0.0,0,1
perpetualbeats,3,0.0,1,2
philefluxx,1,0.0,1,1
philosophyefficient,2,0.0,1,1
physical_ad_6469,1,0.0,1,1
physical_employer724,2,0.0,0,1
pineapple3607,2,0.0,18,2
pjonathan24,1,0.0,0,1
plastic_owl8684,2,0.0,1,1
plenesian,1,0.0,0,1
plus-ad-7494,4,0.0,3,2
plus-kaleidoscope534,10,0.0,3,5
pohateoes,2,0.0,0,2
poisondust01,1,0.0,0,1
porridgewithrice,1,1.0,0,1
poseidonsconsigliere,1,0.0,0,1
potato_solid,1,0.0,1,1
practical-ocelot-237,44,0.09090909090909091,24,34
prawntortilla,4,0.0,3,4
precisamente,1,0.0,0,1
predator1975,1,0.0,1,1
prededicius,1,0.0,1,1
prestigious-cod5902,2,0.0,0,2
proastroshan,2,0.0,0,2
probablymissclicked,1,0.0,0,1
professional_buy8470,6,0.16666666666666666,11,5
profileok5072,2,0.0,3,2
prollypunk,5,0.2,1,5
prongedsnuffleupagus,11,0.18181818181818182,4,11
proof_dot2026,1,0.0,1,1
prophet212,1,0.0,0,1
prusafiix,1,0.0,0,1
psyker101,1,0.0,0,1
public_ad5547,3,0.0,1,3
pueraeternus15,1,0.0,1,1
puppypunch,1,0.0,0,1
purpletaste,3,0.0,0,3
puzzleheaded-net6579,2,0.0,1,1
puzzleheaded-run5566,5,0.0,1,2
queasy_masterpiece38,1,0.0,0,1
quiet_you_4774,2,0.0,11,1
qukab,1,0.0,1,1
radiant_efficiency25,1,0.0,2,1
rainbolt,2,0.5,0,2
ranma-fan,1,0.0,0,1
razriverblade,1,0.0,1,1
real_ad7355,1,0.0,1,1
real_life_sushiroll,2,0.0,2,2
realbuniu,6,0.0,2,4
realzane,3,0.0,2,3
reasonable_director6,1,0.0,0,1
reayn111,4,0.0,9,1
redditisntreality77,2,0.0,0,2
redituserza,1,0.0,0,1
redraveni,4,0.0,29,4
regretfu77,1,0.0,0,1
relativeno9567,4,0.0,4,4
remarkable_body_9571,1,0.0,1,1
remarkable_mail_554,1,0.0,1,1
repulsive-whole-4101,1,0.0,0,1
resident_ocelot_7997,4,0.0,2,4
resonance_za,12,0.0,6,8
responsible_survey,6,0.16666666666666666,1,3
retro_lawyer,1,0.0,0,1
rexist_08,1,0.0,0,1
rexzerno,2,0.0,1,1
rezzx69,5,0.0,2,4
rggamingytb,1,0.0,0,1
ribshifter,2,0.0,1,2
ridenarrow5007,1,0.0,2,1
riiiooh,1,0.0,0,1
rikiyadeservedbetter,3,0.0,4,3
river-sturgeon,1,1.0,0,1
rixxed,1,0.0,0,1
robynthecookiejar,2,0.0,5,2
roguewarriorii,1,0.0,0,1
rotz77,1,0.0,0,1
round-bet-9552,2,0.0,3,1
royal_ad_4163,1,0.0,0,1
rumforron,1,0.0,0,1
russian_bot1337,4,0.0,3,4
rusty-jigsaw_19,19,0.15789473684210525,7,14
rymaster101,1,0.0,0,1
sa_dagon,2,0.0,1,2
sa_going_ham,1,0.0,0,1
sabayonte,1,0.0,0,1
sabishii-otoko,1,0.0,0,1
saca72,1,0.0,0,1
sad-ad-9863,1,0.0,0,1
sad-ad2491,8,0.0,4,7
sad-helicopter-71,6,0.0,15,5
sadclassroom4175,1,0.0,0,1
sadhoeshow,1,0.0,0,1
safdiebrother2112,1,0.0,0,1
samuel_janato,1,0.0,0,1
sanaxxao,1,0.0,0,1
sarcasmhots,1,0.0,0,1
saronyogg,2,0.0,1,2
savings_apple_3136,8,0.125,5,6
scaredbookkeeper8442,2,0.0,0,2
scarletbegonia__,2,0.0,1,1
sea_huckleberry2463,1,0.0,1,1
sea_monitor6860,2,0.0,1,2
sea_oven9942,6,0.0,4,5
seaworthinessfresh4,2,0.0,1,2
senseiswift,2,0.0,2,2
sfthomps,3,0.0,1,3
shadefox,3,0.0,1,2
sharpmoney56,4,0.0,3,4
shittheinternetsays,1,0.0,1,1
shrimpfriedmyrice,2,0.0,1,1
signal-confusion-461,1,1.0,0,1
significant-stand151,5,0.0,3,5
significant_draw_985,1,0.0,1,1
significantweb5521,2,0.0,13,2
silent_hunter--mmg,14,0.0,5,12
silentnj,5,0.2,2,4
silfrost,1,0.0,1,1
silly_rent_7814,1,0.0,1,1
silvfold,1,0.0,0,1
similar_purchase5820,2,0.0,1,2
siokz,1,0.0,1,1
sir_buttwut,1,1.0,0,1
sirdecros,1,0.0,1,1
sirozzyferguson,8,0.0,9,7
sk3l3tal3,1,0.0,2,1
slkjh,1,0.0,1,1
smart_cucumber_7113,1,0.0,1,1
smurfin4k,2,0.0,2,2
sn1rp,3,0.3333333333333333,0,3
sneezeanditsgone,5,0.0,14,5
snikigargoyle,1,0.0,1,1
snoolemons2684,5,0.6,2,3
snowfyst,1,0.0,1,1
sochai777,1,0.0,3,1
soelent,2,0.5,1,1
solid-mazapan9601,3,0.0,1,2
spez-is-dick-sucker,3,0.0,1,1
spicysauceao,2,0.0,3,2
spoowy,1,0.0,0,1
sprien,1,0.0,0,1
squary93,2,0.5,1,2
squidfz6r,1,0.0,0,1
stargamerpt,2,0.0,1,1
steelrage24,1,0.0,1,1
steven5221,1,0.0,0,1
still_inflation_8645,4,0.0,4,3
straightarrival5096,3,0.0,0,3
strange_process_2180,5,0.2,3,4
strict-pineapple8956,14,0.14285714285714285,5,6
striking_aspect_7826,7,0.14285714285714285,1,6
strugglenorth1217,14,0.07142857142857142,4,13
substancespecial1871,1,0.0,0,1
successful_world9811,1,0.0,0,1
such-carrot-9926,1,0.0,1,1
sudodamage,2,0.0,3,2
sumitrando,1,0.0,0,1
sunnywyy,2,0.0,1,1
superduperhigher,4,0.0,2,2
swagmastersunite,1,0.0,1,1
sweatysmith,3,0.0,1,3
swimming-ad-4607,1,1.0,0,1
systemweird2838,1,0.0,0,1
t3ilight,17,0.11764705882352941,19,16
t666ommy,2,0.0,1,2
takemybomb,1,1.0,1,1
talnarian,1,0.0,1,1
tanrubnairda,1,0.0,0,1
taraskhu,33,0.030303030303030304,6,28
tarubaha,7,0.0,3,7
taubsenlive,1,0.0,0,1
taxxcert,2,0.0,3,2
technical-wafer4146,3,0.0,12,2
technical_editor_197,1,0.0,0,1
tehconsole,1,0.0,1,1
temporary-hawk2452,2,0.0,1,2
temporary-library766,12,0.25,7,7
that-living-7257,2,0.0,1,2
the_empire_3000,1,1.0,0,1
the_red_moses,15,0.0,30,11
thebamboom,1,0.0,0,1
theberrymelon,2,0.0,2,2
thecelestialdawn,9,0.3333333333333333,5,7
thecrookedcourt,1,0.0,0,1
thedemonneverleft,1,0.0,0,1
theepsilonking,1,0.0,1,1
thefappingwither,1,1.0,0,1
thegodssin,2,0.0,1,2
thegoodguy57,2,0.5,1,2
thehumblekinglasquet,2,0.5,2,2
themoverofplanets,3,0.0,0,3
then_rabbit_2889,1,0.0,0,1
thenagash,2,0.0,0,2
therealhaxxo,1,1.0,1,1
therem,1,0.0,1,1
therighteousrogue,6,0.0,2,6
thewaydawnends,5,0.0,4,5
think-solid-9530,4,0.0,2,4
this-lengthiness-516,3,0.0,2,2
this_is_len,1,0.0,0,1
thissean,1,0.0,1,1
thomcovenant,1,0.0,0,1
thost1512,3,0.0,7,3
throwawayald83bx,3,0.3333333333333333,1,1
thunderzurafa705,1,0.0,0,1
tibituc,6,0.0,8,4
ticey112,2,0.0,3,1
time-shoulder2659,1,1.0,0,1
tinyhamsterhatcm,6,0.0,2,3
tmoney4949,1,0.0,16,1
tnoctua,1,0.0,0,1
toastyyxdragon,2,0.0,1,1
tommyxoo,1,0.0,1,1
top-society8779,1,0.0,1,1
top-veterinarian26,2,0.0,1,1
torvalduruz,2,0.0,15,2
totalarmor,1,0.0,3,1
tough-attempt-6649,2,0.0,2,2
tough-village7313,1,0.0,0,1
toxic-agent-47,1,0.0,1,1
toxicfi7h,1,0.0,0,1
traditionalalarm222,1,0.0,0,1
traetusmn,2,0.0,0,2
training_debate_7443,1,0.0,0,1
trammiesurprise,1,0.0,1,1
tritriisme,6,0.16666666666666666,2,6
trngngtuananh,1,0.0,1,1
trosky6601,3,0.0,0,3
tudor2099,1,0.0,1,1
turbulent_turnip_558,2,0.0,1,1
tveaja,4,0.0,5,1
typical_tambay,2,0.0,1,2
ugabuga123451,7,0.0,4,7
ultimategmr,1,0.0,0,1
ultimeciatr,3,0.0,1,2
ummahusla,4,0.0,2,4
underb0ss,1,0.0,0,1
undumed,13,0.07692307692307693,5,7
unseenomen,2,0.0,4,2
up_to_code,1,0.0,0,1
upset-enthusiasm-968,1,0.0,0,1
usual_birthday_2965,4,0.0,3,4
usurperer,1,0.0,0,1
uxfirst,3,0.0,3,3
v3ctoron,2,0.0,0,2
v_ratmin,1,0.0,0,1
valtitilemagnifique,1,0.0,0,1
vegetable-sound1717,1,1.0,0,1
vegetabledelay1658,4,0.0,1,3
veloester,1,0.0,0,1
velvetnayru,22,0.2727272727272727,13,11
vendo_kombi_99,1,0.0,0,1
vera_olive,1,0.0,0,1
vesyy,5,0.0,4,5
viking_bard,1,1.0,0,1
vipaman69,6,0.0,8,5
visualad4916,3,0.3333333333333333,1,3
vocandin,1,0.0,2,1
vokeswaagin,3,0.3333333333333333,1,2
vvulfx,1,0.0,3,1
vzaron,1,0.0,0,1
wainpot437,1,0.0,1,1
waramongthestars,1,0.0,0,1
wavesofaddu,4,0.0,3,4
we_all_become,1,0.0,0,1
wee2487,2,0.0,0,2
weekly-worker9634,1,0.0,0,1
weetsideboi,1,0.0,0,1
wehrahoonii,1,0.0,0,1
werdavisla,1,0.0,1,1
werewolfbrief9226,1,0.0,2,1
whirly315,2,0.5,2,2
whodatkoi,2,0.0,6,2
whycantitypeanything,4,0.0,0,4
whyyewdewdiss,13,0.0,4,13
willianraupp,1,0.0,1,1
willpause,1,0.0,0,1
willusurf,3,0.0,1,2
wordsonmytongue,2,0.0,0,2
working-visual-6029,1,0.0,0,1
workingcaregiver6991,2,0.0,6,2
worldlyalfalfa2072,3,0.0,2,3
wriothesley9,48,0.020833333333333332,65,29
wsamiz,1,0.0,1,0
wtg05,2,0.0,18,1
wwaaw,1,0.0,0,1
xanimun,1,0.0,0,1
xirez,1,0.0,0,1
xlazymakara,2,0.5,1,2
xonth,4,0.0,8,4
xphantom32,1,0.0,0,1
xrothironx,7,0.0,3,4
xscarletcrossx,1,0.0,1,1
xsh0utx,1,0.0,1,1
xtlfxlethal242,1,0.0,0,1
xtoprak404,1,0.0,0,1
yaie,1,0.0,1,1
yanji13,5,0.0,7,4
yeetikusfeetikus,1,0.0,0,1
yeraydany,1,0.0,0,1
yieldingfreddydude2,2,0.0,0,2
yougotmeshedhoe,4,0.0,2,4
yourdelusionisshowin,2,0.0,0,2
yowrinnin,1,0.0,0,1
yugenk,1,0.0,1,1
zagubadu,1,1.0,0,1
zanevictor,1,0.0,1,1
zaratana,1,0.0,0,1
zashuz,1,1.0,0,1
zavocoriginal,2,0.0,2,1
zazkzjs,5,0.2,2,4
zealousideal_rich975,2,0.0,0,2
zephyrustrident,1,0.0,2,1
zeppeeee,1,0.0,1,1
zerokun11,1,0.0,0,1
zeusamused,1,0.0,2,1
zhoups,5,0.0,1,5
zinomad,3,0.0,1,3
zweander,2,0.0,2,2
